date,gold_safe_haven_success,daily_return,VIXCLS
2000-10-26,0.0,-0.004883614766838629,28.62
2000-11-21,0.0,-0.0022530064342471956,26.62
2000-11-29,0.0,-0.01260190530139449,27.49
2000-12-01,0.0,-0.005183242742866967,27.48
2000-12-04,0.0,0.007443244916784719,27.78
2000-12-08,0.0,-0.003660321944796263,22.41
2000-12-18,0.0,-0.0025886897383625707,27.7
2000-12-21,0.0,0.004403714521215685,29.66
2000-12-22,0.0,0.0,27.55
2000-12-26,0.0,0.0014614317816756817,28.73
2000-12-27,0.0,0.004013156070854729,28.14
2000-12-28,0.0,-0.012718022691681319,26.57
2001-01-03,0.0,-0.0014902902592414113,26.6
2001-01-08,0.0,0.0,29.84
2001-01-10,0.0,-0.010467244085864524,26.8
2001-01-11,0.0,-0.002644549205701341,25.79
2001-01-16,0.0,-0.002273611661207431,25.28
2001-01-17,0.0,-0.0003797022049849552,24.93
2001-01-18,0.0,0.003799391921051276,23.37
2001-01-23,0.0,-0.0011260803297364896,21.57
2001-01-24,0.0,-0.006764442950995875,22.03
2001-01-26,0.0,-0.006427267323369512,22.57
2001-01-29,0.0,0.0,22.61
2001-02-05,0.0,-0.007113417645329578,22.19
2001-02-06,0.0,-0.007164495952508565,21.98
2001-02-12,0.0,0.003078177488782474,21.92
2001-02-14,0.0,-0.0034575256960833745,21.52
2001-02-15,0.0,-0.016576668828622743,20.27
2001-02-22,0.0,0.0011618426753916555,26.76
2001-02-26,0.0,0.018781119245363076,25.43
2001-03-01,0.0,-0.005996910266649058,28.08
2001-03-02,0.0,-0.011689313577767035,27.43
2001-03-05,0.0,0.0015261117404414826,27.12
2001-03-06,0.0,-0.00990478515625004,25.89
2001-03-07,0.0,0.005771450693444091,24.12
2001-03-13,0.0,-0.01767311562105578,27.55
2001-03-15,0.0,-0.00952380952380949,28.56
2001-03-19,0.0,0.006586523243906184,29.78
2001-03-23,0.0,0.0015319566722866718,30.45
2001-03-26,0.0,0.001529613370877092,29.04
2001-03-27,0.0,-0.0034364028921669565,27.04
2001-03-29,0.0,-0.003465631004071712,29.17
2001-03-30,0.0,-0.0034775654518358623,28.64
2001-04-05,0.0,-0.0011609434986632472,29.94
2001-04-09,0.0,-0.006538508488581729,31.91
2001-04-10,0.0,-0.0038714674690636386,29.44
2001-04-12,0.0,0.005411649905002758,26.12
2001-04-17,0.0,-0.00835541888130642,25.61
2001-04-18,0.0,0.000765919895742373,24.13
2001-04-25,0.0,-0.006437001771082529,27.4
2001-04-27,0.0,-0.001891074173760221,24.02
2001-04-30,0.0,0.00037895455031677905,25.48
2001-05-01,0.0,0.001515128395774168,24.2
2001-05-04,0.0,-0.0007509639452503158,23.91
2001-05-08,0.0,-0.003757985633457639,24.44
2001-05-10,0.0,-0.003333310727719918,24.0
2001-05-14,0.0,0.0014930716894265839,24.26
2001-05-15,0.0,-0.0007453660028021725,23.71
2001-05-16,0.0,0.014546787794471605,21.89
2001-05-21,0.0,-0.006958942388566536,20.76
2001-05-24,0.0,-0.015867418558367263,20.57
2001-05-29,0.0,-0.014753530743303434,22.14
2001-05-30,0.0,-0.029583549843187784,22.76
2001-05-31,0.0,-0.0015055490993007847,22.64
2001-06-01,0.0,0.004146272725704225,21.59
2001-06-04,0.0,-0.005630630759634547,21.38
2001-06-05,0.0,0.003020076742091149,19.58
2001-06-07,0.0,0.0011290469672051717,19.67
2001-06-11,0.0,-0.020117045072365447,20.7
2001-06-15,0.0,-0.014892756148688124,22.81
2001-06-19,0.0,0.0036710720352659543,22.34
2001-06-20,0.0,-0.003657644558611839,21.71
2001-06-21,0.0,0.0007342592199441889,19.38
2001-06-27,0.0,-0.01484433715535971,20.88
2001-06-28,0.0,-0.010290401498490476,20.01
2001-07-02,0.0,-0.004434634811398275,18.76
2001-07-03,0.0,-0.006681469316069832,18.92
2001-07-09,0.0,0.0022565104072518327,22.48
2001-07-12,0.0,-0.006336122872897421,22.09
2001-07-13,0.0,0.0018754688242799133,21.14
2001-07-17,0.0,0.004496111781466139,22.61
2001-07-19,0.0,-0.0036982249355479446,22.51
2001-07-25,0.0,-0.0074156466795586296,24.0
2001-07-26,0.0,-0.005603287006352264,23.01
2001-07-30,0.0,-0.010471158776662826,22.69
2001-08-01,0.0,0.004507819813771796,20.56
2001-08-02,0.0,0.0,20.09
2001-08-07,0.0,0.00037441445612262925,21.01
2001-08-10,0.0,0.0018288222793059195,20.55
2001-08-16,0.0,-0.0018135653894151282,21.54
2001-08-20,0.0,-0.011457149406770117,22.87
2001-08-22,0.0,-0.00036365855823861093,22.44
2001-08-24,0.0,-0.010170678957945989,19.71
2001-08-31,0.0,-0.003631082142927955,24.92
2001-09-04,0.0,-0.010204037373357289,25.85
2001-09-05,0.0,0.0014727315445344225,26.35
2001-09-10,0.0,-0.005492493469338999,31.84
2001-09-18,0.0,-0.005866051625466495,38.87
2001-09-24,0.0,-0.007536765109468657,37.75
2001-09-25,0.0,0.0027614351372449164,35.81
2001-09-27,0.0,-0.00545508234752079,34.0
2001-09-28,0.0,0.002399662873364239,31.93
2001-10-02,0.0,-0.007871383348599048,31.18
2001-10-03,0.0,0.0020697002971648004,31.34
2001-10-04,0.0,0.0,31.97
2001-10-09,0.0,-0.011969904490624184,34.83
2001-10-10,0.0,-0.011076433911589856,31.6
2001-10-11,0.0,-0.013650767404365216,31.5
2001-10-15,0.0,-0.00982796719183543,35.31
2001-10-16,0.0,0.0007089035275658073,32.88
2001-10-18,0.0,-0.014819978051895166,34.95
2001-10-22,0.0,-0.016422727608994103,32.25
2001-10-25,0.0,0.006886531129091766,29.46
2001-10-31,0.0,-0.003920192728398719,33.56
2001-11-01,0.0,0.0007156071807916664,32.31
2001-11-02,0.0,0.00035743861842774116,30.71
2001-11-05,0.0,-0.004646132414882875,30.5
2001-11-06,0.0,0.004308840958819671,28.8
2001-11-08,0.0,-0.014946662658474219,28.62
2001-11-13,0.0,-0.0017966224287869759,26.47
2001-11-14,0.0,0.0,26.56
2001-11-15,0.0,-0.009719156976584542,25.56
2001-11-19,0.0,-0.0072806694980874775,24.46
2001-11-26,0.0,-0.0021986299631183703,23.79
2001-11-29,0.0,-0.0021890043420467187,25.18
2001-12-04,0.0,-0.005417118212580285,24.08
2001-12-05,0.0,-0.006172773155877831,23.02
2001-12-17,0.0,-0.0010790927804631423,24.26
2001-12-19,0.0,-0.01747501427654563,22.58
2001-12-27,0.0,-0.008223161280538016,21.59
2001-12-28,0.0,-0.0032443904696703996,21.4
2002-01-02,0.0,0.0007175517785933394,22.71
2002-01-03,0.0,-0.002509794567126855,21.34
2002-01-04,0.0,0.0025161094850427723,20.45
2002-01-14,0.0,-0.006958942388566536,23.58
2002-01-15,0.0,-0.003503854314596433,22.7
2002-01-17,0.0,-0.010093957604252135,22.25
2002-01-23,0.0,-0.010301932136711822,21.88
2002-01-24,0.0,-0.0017946876850183369,21.15
2002-01-28,0.0,-0.001793400365466602,21.14
2002-01-30,0.0,0.0017768301735783254,23.22
2002-01-31,0.0,0.0007095147618367825,21.09
2002-02-08,0.0,0.012679304765405686,23.26
2002-02-11,0.0,-0.01120261580390236,21.78
2002-02-13,0.0,-0.00432330647745971,20.85
2002-02-20,0.0,-0.003069660220296977,22.66
2002-02-22,0.0,0.0,22.86
2002-02-25,0.0,-0.0017053205292738571,21.84
2002-02-27,0.0,-0.005704738949769306,21.49
2002-03-01,0.0,0.004381488842210235,19.96
2002-03-04,0.0,-0.004362375144190467,20.5
2002-03-05,0.0,-0.009100141880504009,20.3
2002-03-06,0.0,-0.00170068027210879,19.94
2002-03-07,0.0,-0.011584306291258506,20.04
2002-03-08,0.0,0.0,19.27
2002-03-14,0.0,-0.008855606435508534,19.2
2002-03-15,0.0,-0.003780089702802858,18.42
2002-03-19,0.0,0.002396376839530312,18.16
2002-03-26,0.0,-0.0026899388345219544,18.13
2002-04-03,0.0,-0.010787799473070403,20.2
2002-04-04,0.0,-0.004957038895388788,19.78
2002-04-05,0.0,-0.0033211556948830045,19.13
2002-04-08,0.0,0.0013328686716067573,19.61
2002-04-10,0.0,0.009705570724694468,18.19
2002-04-12,0.0,-0.0003309268678888255,19.42
2002-04-16,0.0,-0.0040000406901041785,18.11
2002-04-19,0.0,-0.0072249990378694395,18.3
2002-04-30,0.0,-0.0073908040498942285,21.91
2002-05-01,0.0,0.0006474982550446207,20.06
2002-05-08,0.0,-0.01091140510233135,20.39
2002-05-13,0.0,-0.0012861540079883715,20.72
2002-05-14,0.0,-0.010624656296519985,19.35
2002-05-16,0.0,0.0035632508663452356,18.5
2002-05-17,0.0,0.002582370374660803,17.7
2002-06-05,0.0,-0.02013415445916944,22.61
2002-06-10,0.0,-0.01817619773735568,23.72
2002-06-12,0.0,0.0018766830248007071,24.15
2002-06-17,0.0,-0.005327521700139837,24.64
2002-06-18,0.0,0.0056711353029639255,24.24
2002-06-24,0.0,-0.0009242708099370667,26.98
2002-06-26,0.0,0.0009368762696198019,28.42
2002-06-27,0.0,-0.0040561241590288954,26.29
2002-06-28,0.0,-0.017857180416817275,25.4
2002-07-03,0.0,-0.006074149522479866,29.42
2002-07-11,0.0,0.007944073412858188,33.85
2002-07-17,0.0,0.0006304592741395165,35.45
2002-07-23,0.0,-0.03368354045394428,44.92
2002-07-24,0.0,-0.003837582859564259,39.86
2002-07-26,0.0,-0.020658470460500178,35.51
2002-07-29,0.0,-0.0029663609577772476,31.33
2002-07-30,0.0,0.003966982502582539,31.92
2002-07-31,0.0,-0.0016463614748198907,32.03
2002-08-06,0.0,-0.0074723453027417674,42.03
2002-08-08,0.0,-0.01240850794767867,36.33
2002-08-14,0.0,-0.007638524254674706,32.36
2002-08-15,0.0,0.008017960544822067,29.43
2002-08-19,0.0,-0.024545782299649765,28.61
2002-08-21,0.0,-0.003563349724709064,28.23
2002-08-22,0.0,-0.0032509752280807103,27.75
2002-09-04,0.0,0.004786215791999782,37.44
2002-09-06,0.0,0.005342494105082141,36.33
2002-09-09,0.0,0.0043763486189292156,36.45
2002-09-10,0.0,-0.010581991987734463,35.08
2002-09-13,0.0,-0.007212254114107419,35.82
2002-09-16,0.0,0.0015792798179432577,36.74
2002-09-20,0.0,-0.002169907606283883,38.98
2002-09-25,0.0,-0.011353119848870996,37.33
2002-09-26,0.0,-0.005897033960512776,34.6
2002-10-01,0.0,-0.009262118112168816,34.12
2002-10-08,0.0,-0.011494196208785779,41.02
2002-10-10,0.0,-0.009699643442783845,37.55
2002-10-11,0.0,-0.000631950101204537,35.7
2002-10-14,0.0,0.004742333410969968,36.04
2002-10-15,0.0,-0.016362435145342635,34.02
2002-10-17,0.0,-0.007643292663963019,34.1
2002-10-18,0.0,0.003530186399130608,33.53
2002-10-21,0.0,-0.0057563742893465,33.11
2002-10-23,0.0,-0.0031948881789137795,33.2
2002-10-25,0.0,0.008689995440534615,30.0
2002-10-30,0.0,-0.003777186531076504,31.23
2002-11-01,0.0,0.002515684883549474,29.3
2002-11-04,0.0,-0.001568381490418047,30.82
2002-11-05,0.0,-0.00031409233355839117,31.23
2002-11-06,0.0,-0.0021999125712660605,30.73
2002-11-13,0.0,-0.017873614153986916,31.24
2002-11-14,0.0,-0.002510255035783171,28.67
2002-11-19,0.0,-0.0018797182975245352,27.41
2002-11-20,0.0,-0.0037665165851922255,25.32
2002-11-21,0.0,0.0,23.81
2002-11-25,0.0,-0.009042794835287915,24.07
2002-11-27,0.0,-0.002832937927229273,27.25
2002-12-06,0.0,0.004618226774553147,28.88
2002-12-10,0.0,-0.007059508530216085,28.76
2002-12-16,0.0,0.01140452477116849,26.24
2002-12-20,0.0,-0.015611431025640332,26.71
2002-12-30,0.0,-0.016609444753135305,29.62
2003-01-02,0.0,-0.004315304872443804,25.39
2003-01-06,0.0,0.00142369015552668,24.91
2003-01-07,0.0,-0.012510731479509873,25.13
2003-01-09,0.0,-0.0016954114548278776,24.25
2003-01-14,0.0,-0.007612100688215717,24.57
2003-01-28,0.0,0.001624272099159274,31.93
2003-01-29,0.0,-0.01000003299197616,31.26
2003-01-31,0.0,-0.0008139400585429613,31.17
2003-02-05,0.0,-0.006860174415608489,33.04
2003-02-06,0.0,-0.016737481124139864,33.35
2003-02-10,0.0,-0.016761237609503987,33.99
2003-02-12,0.0,-0.027310327990301753,34.33
2003-02-14,0.0,-0.015388920240421156,32.62
2003-02-18,0.0,-0.02188116460075351,31.11
2003-02-21,0.0,-0.0036817283717796023,30.25
2003-02-25,0.0,-0.011226494911709683,31.74
2003-02-27,0.0,-0.022316366939221344,30.53
2003-03-05,0.0,-0.0002831429786502859,30.38
2003-03-07,0.0,-0.01681614407308074,31.08
2003-03-11,0.0,-0.011841026395510212,33.61
2003-03-12,0.0,-0.011412268188302432,33.51
2003-03-13,0.0,-0.030591648206394262,31.76
2003-03-14,0.0,0.0017862641096102472,30.98
2003-03-17,0.0,0.001783079059481718,31.75
2003-03-18,0.0,0.0014832393679828915,30.43
2003-03-19,0.0,-0.0044431278817573805,31.54
2003-03-20,0.0,-0.009521012046770583,30.44
2003-03-21,0.0,-0.020726927074170898,28.67
2003-03-25,0.0,-0.0033384100258441185,28.75
2003-03-27,0.0,-0.00484400740256874,27.96
2003-04-01,0.0,-0.00476334067457207,28.36
2003-04-02,0.0,-0.014059173978683503,28.02
2003-04-03,0.0,-0.014259745509698663,28.21
2003-04-04,0.0,0.0012311292828519615,29.13
2003-04-07,0.0,-0.011681487659283896,28.45
2003-04-10,0.0,0.003378397060489924,25.6
2003-04-14,0.0,-0.01128387239501194,23.41
2003-04-15,0.0,0.0021591044512550006,22.56
2003-04-17,0.0,0.0042971898910939554,21.5
2003-04-22,0.0,0.0026986323732665074,20.7
2003-04-23,0.0,-0.008672230709974471,20.8
2003-04-28,0.0,0.0032993584992599967,20.84
2003-04-29,0.0,-0.0023915928040919576,20.76
2003-05-02,0.0,-0.003215451867553565,20.63
2003-05-06,0.0,0.0005843184755012221,20.8
2003-05-09,0.0,0.0005740878603190946,19.69
2003-05-12,0.0,0.008605851828669131,19.52
2003-05-13,0.0,-0.0045506429912989255,19.91
2003-05-15,0.0,0.0008515989808184354,19.24
2003-05-22,0.0,-0.010483854560441874,19.78
2003-05-23,0.0,0.0019016073834465796,19.17
2003-05-27,0.0,-0.0027114968359526204,19.99
2003-05-28,0.0,-0.007068993127321677,20.03
2003-05-30,0.0,-0.013798717584672437,19.47
2003-06-02,0.0,0.004115226337448652,20.85
2003-06-03,0.0,-0.002185758997182208,20.84
2003-06-04,0.0,-0.007119403112291645,20.62
2003-06-06,0.0,-0.013293526357425645,21.25
2003-06-10,0.0,-0.026533930099054914,20.64
2003-06-11,0.0,0.009369641336153478,20.21
2003-06-12,0.0,-0.006188501285601222,20.41
2003-06-16,0.0,0.006730212718470074,20.22
2003-06-18,0.0,-0.016519823233320685,19.76
2003-06-20,0.0,-0.01383891549662919,19.14
2003-06-24,0.0,-0.018980204552496494,20.75
2003-06-26,0.0,-0.015459473476091223,19.4
2003-07-02,0.0,-0.00028459335586983325,19.03
2003-07-07,0.0,-0.008262090873174865,20.06
2003-07-08,0.0,-0.011490950674704958,19.48
2003-07-11,0.0,0.001452221950994259,18.47
2003-07-15,0.0,-0.01610585535493514,19.55
2003-07-18,0.0,0.008715862561316623,19.11
2003-07-22,0.0,-0.00085490965570445,19.17
2003-07-25,0.0,0.001380452741990057,17.75
2003-07-29,0.0,-0.008497740377384044,18.67
2003-07-30,0.0,-0.015205971286647246,18.85
2003-07-31,0.0,-0.006176339504875061,19.49
2003-08-01,0.0,-0.022316366939221344,20.75
2003-08-06,0.0,0.0034324418435445203,21.5
2003-08-07,0.0,0.004846101100877354,20.26
2003-08-12,0.0,-0.008847144315825117,17.94
2003-08-15,0.0,-0.007650239871499154,18.27
2003-08-18,0.0,-0.013215909001156212,18.18
2003-08-21,0.0,-0.013676148568182223,17.84
2003-08-25,0.0,-0.004957362380306973,19.53
2003-08-28,0.0,-0.008032128514056214,18.48
2003-09-02,0.0,-0.006654245192364683,19.02
2003-09-03,0.0,0.0018756207571202221,19.44
2003-09-04,0.0,-0.0026745119452364907,18.71
2003-09-08,0.0,-0.006620762604846564,18.26
2003-09-11,0.0,-0.0007894415604439153,19.25
2003-09-12,0.0,-0.010271330757650854,18.68
2003-09-16,0.0,-0.002670226969292422,18.03
2003-09-18,0.0,0.0010632479625338753,17.57
2003-09-23,0.0,-0.0033574852003150912,19.47
2003-09-26,0.0,-0.010909122615665456,22.23
2003-09-29,0.0,0.0042016968350993,21.67
2003-10-01,0.0,-0.0028541933599797176,21.07
2003-10-02,0.0,-0.00312251295230237,20.8
2003-10-03,0.0,-0.03576092923195995,19.5
2003-10-08,0.0,-0.00477205263068492,19.18
2003-10-09,0.0,-0.01651566806141902,18.82
2003-10-14,0.0,0.00133262255792288,17.37
2003-10-15,0.0,-0.008251280284248153,17.69
2003-10-16,0.0,0.0002684007028381785,17.19
2003-10-20,0.0,0.005917192789840042,17.04
2003-10-23,0.0,-0.004657148235365338,17.68
2003-10-27,0.0,-0.0025713551444954685,18.05
2003-10-28,0.0,-0.012116477863898356,16.82
2003-10-30,0.0,-0.006463288725174654,16.33
2003-11-03,0.0,-0.01950585175552666,16.55
2003-11-06,0.0,-0.005227391448234586,16.74
2003-11-13,0.0,-0.002025798443487603,16.47
2003-11-17,0.0,-0.015837073872027263,18.6
2003-11-19,0.0,-0.0067907750643452225,18.8
2003-11-24,0.0,-0.011363636363636354,17.44
2003-11-25,0.0,-0.0010216957764607182,16.71
2003-12-04,0.0,-0.0014855313507862178,16.3
2003-12-08,0.0,0.0004921560286297311,16.54
2003-12-10,0.0,-0.0048995588931673995,17.87
2003-12-11,0.0,-0.00393896123937143,16.73
2003-12-16,0.0,-0.003665689040207254,15.93
2003-12-18,0.0,-0.0038835099599894285,16.16
2003-12-19,0.0,-0.0029239320353298126,16.42
2003-12-22,0.0,0.0034212948551330946,16.94
2003-12-29,0.0,0.006063546141202858,17.09
2003-12-31,0.0,-0.002878344224085172,18.31
2004-01-06,0.0,-0.0037700427109473855,16.73
2004-01-07,0.0,-0.0021286516614686946,15.5
2004-01-12,0.0,-0.00023453589340305392,16.82
2004-01-13,0.0,-0.006098934225633124,18.04
2004-01-14,0.0,-0.004720320845831738,16.75
2004-01-15,0.0,-0.03153905128183243,15.56
2004-01-16,0.0,-0.004162540927666991,15.0
2004-01-21,0.0,-0.0038769228402955047,14.34
2004-01-22,0.0,-0.0026757628002531675,14.71
2004-01-23,0.0,-0.005121966106135689,14.84
2004-01-26,0.0,-0.0031870257720539863,14.55
2004-01-29,0.0,-0.0386007237635706,17.14
2004-02-02,0.0,-0.008702137975566182,17.11
2004-02-05,0.0,-0.0072319049787640255,17.71
2004-02-10,0.0,-0.0009832691949046568,15.94
2004-02-11,0.0,0.009350438896696511,15.39
2004-02-13,0.0,-0.008218574604152984,15.58
2004-02-18,0.0,-0.008894260113055719,15.59
2004-02-19,0.0,-0.006063546141202747,15.8
2004-02-20,0.0,-0.030014612394724582,16.04
2004-02-25,0.0,-0.02150806478870504,14.93
2004-02-26,0.0,0.0,14.83
2004-03-01,0.0,0.007315827298528532,14.44
2004-03-02,0.0,-0.01452538935707659,14.86
2004-03-03,0.0,-0.0027954411779304023,14.55
2004-03-04,0.0,0.001274210009625687,14.4
2004-03-12,0.0,-0.013476476789505143,18.3
2004-03-24,0.0,-0.006193367464364274,19.81
2004-03-25,0.0,-0.0011984659285002586,17.88
2004-03-29,0.0,-0.011845534062308927,16.5
2004-04-01,0.0,0.0011701381097213304,16.65
2004-04-02,0.0,-0.01449271123507756,15.64
2004-04-05,0.0,-0.014705911094102242,14.97
2004-04-08,0.0,-0.006859020766822876,16.26
2004-04-12,0.0,0.0004763329600823152,15.28
2004-04-13,0.0,-0.031183065730038817,17.26
2004-04-14,0.0,-0.017690447683123334,15.62
2004-04-15,0.0,-0.005252565407843246,15.74
2004-04-19,0.0,-0.0009974910136767434,15.42
2004-04-21,0.0,-0.017349821982078684,15.6
2004-04-22,0.0,0.006397134283751216,14.61
2004-04-28,0.0,-0.033115935787525363,16.29
2004-05-03,0.0,0.0,16.62
2004-05-05,0.0,0.005109862113408692,15.77
2004-05-06,0.0,-0.01372647173427588,17.05
2004-05-07,0.0,-0.023969040703527567,18.13
2004-05-11,0.0,-0.0037007505727190138,18.57
2004-05-12,0.0,0.0013266118548607153,18.14
2004-05-13,0.0,-0.006889258467313919,18.86
2004-05-18,0.0,-0.009749702785325942,19.33
2004-05-20,0.0,-0.011752415961689855,18.67
2004-05-24,0.0,0.002079049729537097,18.08
2004-05-25,0.0,0.007002027092106289,15.96
2004-05-26,0.0,0.0,15.97
2004-05-28,0.0,-0.002279042568737788,15.5
2004-06-02,0.0,-0.009883410633960366,16.08
2004-06-04,0.0,0.007214603836470657,16.78
2004-06-07,0.0,0.007418761682693731,15.39
2004-06-08,0.0,-0.007110177449880517,15.01
2004-06-09,0.0,-0.01662404092071612,15.39
2004-06-10,0.0,0.003641076453795522,15.04
2004-06-16,0.0,-0.009018294112230651,14.79
2004-06-22,0.0,0.002538071065989911,14.31
2004-06-23,0.0,0.0,13.98
2004-06-28,0.0,-0.00471579529726307,16.07
2004-06-29,0.0,-0.021197007481296715,15.47
2004-06-30,0.0,0.00025479262042193973,14.34
2004-07-06,0.0,-0.014310775456051417,16.25
2004-07-09,0.0,-0.0007356248208646443,15.78
2004-07-13,0.0,-0.014947331566489419,14.46
2004-07-20,0.0,-0.009122317927399037,14.17
2004-07-22,0.0,-0.004784673551450513,15.75
2004-07-23,0.0,-0.011892743071498568,16.5
2004-07-27,0.0,-0.008455003577195197,16.55
2004-07-29,0.0,-0.005141388174807249,15.68
2004-08-02,0.0,0.0017903125499521,15.37
2004-08-04,0.0,-0.004568496936468769,16.21
2004-08-10,0.0,-0.0017469732610579936,17.47
2004-08-11,0.0,-0.011249999999999982,18.04
2004-08-16,0.0,0.010027575986972792,17.57
2004-08-17,0.0,0.003723008247017656,17.02
2004-08-18,0.0,-0.0002472950173713073,16.23
2004-08-23,0.0,-0.006534395274118476,15.88
2004-08-24,0.0,-0.018270401948842885,15.33
2004-08-26,0.0,-0.0012257906533014173,14.91
2004-08-27,0.0,-0.010063834474571265,14.71
2004-09-01,0.0,-0.003898650407678006,14.91
2004-09-02,0.0,-0.006849285412373396,14.28
2004-09-03,0.0,-0.013546798029556606,13.91
2004-09-07,0.0,-0.007740339833996579,14.07
2004-09-09,0.0,-0.002253364822828785,14.01
2004-09-16,0.0,-0.0007407105999226449,14.39
2004-09-17,0.0,0.0027180023542345833,14.03
2004-09-24,0.0,-0.006814280444292553,14.28
2004-09-29,0.0,0.00121212121212122,13.21
2004-10-01,0.0,0.001910646691295259,12.75
2004-10-04,0.0,-0.013110846245530383,13.41
2004-10-06,0.0,0.0004781962783733107,13.28
2004-10-11,0.0,-0.0025998725777529597,14.71
2004-10-12,0.0,-0.0163506964371668,15.05
2004-10-15,0.0,0.0014350779592362528,15.04
2004-10-18,0.0,-0.0059708620184224515,14.71
2004-10-21,0.0,0.0021251331676135354,14.54
2004-10-26,0.0,-0.005128233582823327,16.39
2004-10-27,0.0,-0.004686035747897388,15.72
2004-10-28,0.0,0.0007062578134842123,15.39
2004-11-01,0.0,-0.0028004952322782106,16.27
2004-11-02,0.0,-0.01708398783410625,16.18
2004-11-03,0.0,0.01095239548456095,14.04
2004-11-04,0.0,0.012953367689446438,13.97
2004-11-08,0.0,-0.0020756316508664385,13.8
2004-11-10,0.0,-0.003901795178797296,13.08
2004-11-11,0.0,0.0020737186554939946,13.04
2004-11-12,0.0,0.006898137599684828,13.33
2004-11-15,0.0,-0.002055249849346019,13.38
2004-11-18,0.0,-0.004946002135407301,12.98
2004-11-22,0.0,0.00447627586088184,12.97
2004-11-23,0.0,-0.0022281640534742575,12.67
2004-11-30,0.0,-0.005289892769426041,13.24
2004-12-01,0.0,0.005982743806919322,12.97
2004-12-02,0.0,-0.007929528862369195,12.98
2004-12-06,0.0,-0.003947341651247105,13.19
2004-12-08,0.0,-0.03274333582515199,13.19
2004-12-09,0.0,-0.0032022515438530075,12.88
2004-12-10,0.0,-0.004359784189317262,12.76
2004-12-14,0.0,-0.0068352700882187145,12.73
2004-12-16,0.0,-0.008847536307818982,12.27
2004-12-21,0.0,-0.0013562525130955683,11.55
2004-12-22,0.0,-0.003395201542429449,11.45
2004-12-28,0.0,-0.002021618125302216,12.0
2004-12-29,0.0,-0.01868104438669571,11.62
2005-01-03,0.0,-0.02011425781249987,14.08
2005-01-06,0.0,-0.013127065221271383,13.58
2005-01-07,0.0,-0.004988138013101273,13.49
2005-01-10,0.0,0.0004774700643244145,13.23
2005-01-14,0.0,-0.004240253929254867,12.43
2005-01-18,0.0,0.0011828719790882847,12.47
2005-01-25,0.0,-0.011478083782012316,14.06
2005-01-27,0.0,-0.0014054956947623376,13.24
2005-01-28,0.0,-0.0011728829798672846,13.24
2005-01-31,0.0,-0.009394081997824877,12.82
2005-02-01,0.0,-0.0023707919130875332,12.03
2005-02-02,0.0,0.0007129712909934582,11.66
2005-02-03,0.0,-0.010686297636608888,11.79
2005-02-04,0.0,-0.006241013119115513,11.21
2005-02-08,0.0,-0.002417794935306916,11.6
2005-02-11,0.0,0.007909845868679266,11.43
2005-02-15,0.0,0.0002348663841771348,11.27
2005-02-16,0.0,-0.0009391732853173407,11.1
2005-02-18,0.0,-0.00046801239215121804,11.18
2005-02-23,0.0,0.0009205843417361415,12.39
2005-02-24,0.0,-0.0009197376456611117,11.57
2005-02-25,0.0,0.0009205843417361415,11.49
2005-03-01,0.0,-0.008247436663265995,12.04
2005-03-03,0.0,-0.006700540615245276,12.93
2005-03-04,0.0,0.010002368856935506,11.94
2005-03-10,0.0,0.0015833107436991067,12.49
2005-03-14,0.0,-0.011429865450450327,12.39
2005-03-17,0.0,-0.011268875056210215,13.29
2005-03-21,0.0,-0.018666018477828006,13.61
2005-03-23,0.0,-0.014143231529293643,14.06
2005-03-24,0.0,-0.001175917181668762,13.42
2005-04-01,0.0,-0.00653141644697397,14.09
2005-04-04,0.0,-0.004695938080915063,14.11
2005-04-05,0.0,0.0014154425858805553,13.68
2005-04-07,0.0,-0.0014048374969355404,12.33
2005-04-12,0.0,-0.0023331777549215893,11.3
2005-04-21,0.0,-0.005283684487633611,14.41
2005-04-25,0.0,0.0006908089315669219,14.62
2005-04-27,0.0,-0.011189755571548776,14.87
2005-04-29,0.0,0.004618937644341736,15.31
2005-05-02,0.0,-0.012643678160919491,15.12
2005-05-03,0.0,-0.006519179960346233,14.53
2005-05-04,0.0,0.0053901751281244525,13.85
2005-05-06,0.0,-0.008608612830476425,14.05
2005-05-09,0.0,0.00023470101404177157,13.75
2005-05-11,0.0,0.0,14.45
2005-05-12,0.0,-0.013108628144892887,16.12
2005-05-13,0.0,-0.0033206685868514274,16.32
2005-05-16,0.0,-0.0030938083597827903,15.68
2005-05-17,0.0,0.0011936023091076997,14.57
2005-05-18,0.0,0.005007167701661874,13.63
2005-05-19,0.0,-0.0023724792408066353,13.32
2005-05-20,0.0,-0.0073721904958754525,13.14
2005-05-23,0.0,-0.0019165975195657436,12.95
2005-05-26,0.0,-0.001910190583301219,12.24
2005-05-31,0.0,-0.008337303720280409,13.29
2005-06-01,0.0,-0.002402113930633387,12.36
2005-06-07,0.0,-0.0039859606260989056,12.39
2005-06-09,0.0,-0.0011773015908373985,12.08
2005-06-14,0.0,-0.004192843801889112,11.79
2005-06-20,0.0,0.00022816816404480633,11.47
2005-06-22,0.0,-0.001822710877406486,11.05
2005-06-27,0.0,-0.0004540572236803042,12.52
2005-06-28,0.0,-0.008857583476287179,11.58
2005-07-01,0.0,-0.018582257896151977,11.4
2005-07-05,0.0,-0.011453936503747042,11.68
2005-07-07,0.0,-0.00047228384186825956,12.49
2005-07-08,0.0,-0.0009449419041326346,11.45
2005-07-12,0.0,0.0018801123219007732,10.95
2005-07-13,0.0,-0.005629823985943916,10.84
2005-07-14,0.0,-0.010143873212743681,10.81
2005-07-19,0.0,-0.0019024679975474523,10.45
2005-07-22,0.0,-0.0016454670886135725,10.52
2005-07-26,0.0,-0.005402908725847921,10.99
2005-07-27,0.0,0.0030704259076224094,10.36
2005-07-28,0.0,0.006121910786925255,10.52
2005-08-02,0.0,0.0,11.75
2005-08-08,0.0,-0.005718206610699106,13.21
2005-08-09,0.0,-0.0011502185092230333,12.4
2005-08-15,0.0,-0.008297783673690828,12.26
2005-08-17,0.0,-0.013898256270349796,13.3
2005-08-18,0.0,-0.0009092837054653913,13.42
2005-08-19,0.0,-0.005233191792875291,13.42
2005-08-25,0.0,0.0025154496552064476,13.73
2005-08-29,0.0,-0.000914480800333628,13.52
2005-08-30,0.0,-0.013272283279104569,13.65
2005-08-31,0.0,0.006029627811534377,12.6
2005-09-06,0.0,0.00045020640242543486,12.93
2005-09-07,0.0,0.0011251125267037754,12.52
2005-09-09,0.0,0.005148842019513378,11.98
2005-09-13,0.0,-0.008005350246373388,12.39
2005-09-22,0.0,-0.00490507106612692,13.33
2005-09-23,0.0,-0.006643819251960892,12.96
2005-09-27,0.0,-0.00708303892723805,12.76
2005-09-29,0.0,0.005322546167825237,12.24
2005-09-30,0.0,-0.006776815172186645,11.92
2005-10-03,0.0,-0.00618335585604346,12.46
2005-10-13,0.0,-0.0059083938152156845,16.47
2005-10-14,0.0,-0.00403310098040377,14.87
2005-10-19,0.0,-0.018216492252342675,13.5
2005-10-24,0.0,-0.004282655246252709,14.74
2005-10-26,0.0,-0.003384043204836318,14.59
2005-10-28,0.0,-0.0016884504296744707,14.25
2005-10-31,0.0,-0.01670188984457588,15.32
2005-11-01,0.0,-0.013545513282888777,14.85
2005-11-02,0.0,0.008718396047135535,13.48
2005-11-03,0.0,-0.0058340141760353514,13.0
2005-11-04,0.0,-0.008259113801645679,13.17
2005-11-10,0.0,0.0006434019266585711,11.9
2005-11-18,0.0,-0.0012340725801137653,11.12
2005-11-23,0.0,-0.0010150223179147266,10.96
2005-11-30,0.0,-0.009016229102322804,12.06
2005-12-20,0.0,-0.017871326232966833,11.19
2005-12-21,0.0,-0.0032349496234757025,10.81
2006-02-03,0.0,-0.008908254298580776,12.96
2006-02-07,0.0,-0.033672416338111244,13.59
2006-02-13,0.0,-0.02035625583159173,13.35
2006-06-08,0.0,-0.029168071590713884,18.35
2006-06-13,0.0,-0.07300591411363588,23.81
2006-06-14,0.0,-0.0003555772569444615,21.46
2006-06-19,0.0,-0.015916976136732264,17.83
2006-06-22,0.0,-0.009021255817819096,15.88
2006-06-26,0.0,0.0,15.62
2006-06-28,0.0,-0.005673982000504951,15.79
2006-07-17,0.0,-0.02400240111910612,18.64
2006-07-18,0.0,-0.03427603539776514,17.74
2006-07-20,0.0,-0.0154301180729709,16.21
2006-07-21,0.0,-0.019154719625251726,17.4
2007-08-16,0.0,-0.03079688424161564,30.83
2007-11-12,0.0,-0.0320720867351727,31.09
2008-01-16,0.0,-0.022641536530590978,24.38
2008-01-23,0.0,-0.007981087883080384,29.02
2008-01-29,0.0,-0.0021572646453107414,27.32
2008-01-31,0.0,0.0022811608481274614,26.2
2008-02-01,0.0,-0.015172862051354041,24.02
2008-02-07,0.0,0.005995296220408175,27.66
2008-02-11,0.0,0.004899825653718715,27.6
2008-02-12,0.0,-0.01679488524213746,26.33
2008-02-13,0.0,-0.000991871710212422,24.88
2008-02-15,0.0,-0.0050694693600698,25.02
2008-02-22,0.0,-0.0014797203414357307,24.06
2008-02-25,0.0,-0.007515652089922553,23.03
2008-03-04,0.0,-0.017931712262799437,25.52
2008-03-11,0.0,0.004433434049624374,26.36
2008-03-18,0.0,0.0017974712892803169,25.79
2008-03-19,0.0,-0.05831339641962374,29.84
2008-03-20,0.0,-0.02656931967477627,26.62
2008-03-24,0.0,-0.0014136448754694664,25.73
2008-03-28,0.0,-0.019182137901758156,25.71
2008-03-31,0.0,-0.01547384886813441,25.61
2008-04-01,0.0,-0.0363457622236355,22.68
2008-04-08,0.0,-0.00942886321874159,22.36
2008-04-10,0.0,-0.005676936516244568,21.98
2008-04-16,0.0,0.017659053691549298,20.53
2008-04-17,0.0,-0.005607859411574934,20.37
2008-04-18,0.0,-0.02936792503131802,20.13
2008-04-23,0.0,-0.017456332862438972,20.26
2008-04-24,0.0,-0.021408104339807,20.06
2008-04-25,0.0,0.000451087527705063,19.59
2008-04-29,0.0,-0.0209430078348386,20.24
2008-04-30,0.0,-0.013040521911320546,20.79
2008-05-01,0.0,-0.016110296216463982,18.88
2008-05-06,0.0,0.004241674032797738,18.21
2008-05-12,0.0,-0.0009044519988340438,17.79
2008-05-13,0.0,-0.017200420954017415,17.98
2008-05-14,0.0,-0.003569344370682237,17.66
2008-05-22,0.0,-0.010883594381398298,18.05
2008-05-27,0.0,-0.01933876820553615,19.64
2008-05-28,0.0,-0.007932149509973785,19.07
2008-05-29,0.0,-0.02587450060296359,18.14
2008-06-03,0.0,-0.012655446880002419,20.24
2008-06-04,0.0,-0.0019282568273044642,20.8
2008-06-05,0.0,-0.009205632908679262,18.63
2008-06-09,0.0,-0.0007817871207780325,23.12
2008-06-10,0.0,-0.02995416053125899,23.18
2008-06-12,0.0,-0.01193588706865778,23.33
2008-06-13,0.0,0.0012655034174982038,21.22
2008-06-23,0.0,-0.0183068902956538,22.64
2008-06-25,0.0,-0.010346392353500322,21.14
2008-06-30,0.0,-0.003335817956158338,23.95
2008-07-03,0.0,-0.013653644734945791,24.79
2008-07-08,0.0,-0.005823318721009163,23.15
2008-07-16,0.0,-0.016262682024694164,25.1
2008-07-17,0.0,0.008525693814831259,25.01
2008-07-18,0.0,-0.013092796089722913,24.05
2008-07-22,0.0,-0.015678513102184377,21.18
2008-07-23,0.0,-0.027004193656052333,21.31
2008-07-29,0.0,-0.012074117579402244,22.03
2008-07-30,0.0,-0.014731557879029689,21.21
2008-08-01,0.0,-0.005361663511502801,22.57
2008-08-04,0.0,-0.009791005956064303,23.49
2008-08-05,0.0,-0.02388623551067659,21.14
2008-08-06,0.0,-0.003414523199820607,20.23
2008-08-08,0.0,-0.01481569338831612,20.66
2008-08-11,0.0,-0.042317542911564865,20.12
2008-08-12,0.0,-0.01618988167129487,21.17
2008-08-14,0.0,-0.020363621567234813,20.34
2008-08-15,0.0,-0.027468463092950812,19.58
2008-08-20,0.0,-0.0009862998607426121,20.42
2008-08-22,0.0,-0.006722659767031791,18.81
2008-08-27,0.0,0.007175824971187961,19.76
2008-08-28,0.0,0.003381293214196557,19.43
2008-09-02,0.0,-0.029301806524366092,21.99
2008-09-03,0.0,-0.002857127693128847,21.43
2008-09-05,0.0,-0.000376048150074082,23.06
2008-09-08,0.0,-0.00012534552281551203,22.64
2008-09-10,0.0,-0.037098147729121456,24.52
2008-09-11,0.0,-0.021902673289827868,24.39
2008-09-16,0.0,-0.008428011482185527,30.3
2008-09-19,0.0,-0.03595836919698536,32.07
2008-09-25,0.0,-0.012710897404914268,32.82
2008-09-30,0.0,-0.01576221550055179,39.39
2008-10-02,0.0,-0.04734871310212785,45.26
2008-10-10,0.0,-0.031366721704975786,69.95
2008-10-13,0.0,-0.019289220866345325,54.99
2008-10-16,0.0,-0.040694195092758845,67.61
2008-10-17,0.0,-0.02046166489589829,70.33
2008-10-20,0.0,0.003184307830520705,52.97
2008-10-23,0.0,-0.027273967452521752,67.8
2008-10-28,0.0,-0.0032358424896352656,66.96
2008-10-30,0.0,-0.020722603399175088,62.9
2008-10-31,0.0,-0.027672306126242274,59.89
2008-11-07,0.0,0.002735229713636489,56.1
2008-11-13,0.0,-0.017834732583613788,59.83
2008-11-18,0.0,-0.012535447529429589,67.64
2008-11-24,0.0,0.03498801538452878,64.7
2008-11-25,0.0,-0.0012204051381559111,60.9
2008-11-26,0.0,-0.01209680366413779,54.92
2008-11-28,0.0,0.00952382462217849,55.84
2008-12-02,0.0,0.008649641644983497,62.98
2008-12-03,0.0,-0.015998976315499847,60.72
2008-12-05,0.0,-0.017412919619702594,59.93
2008-12-08,0.0,0.02251835364965027,58.49
2008-12-12,0.0,-0.007273608707021095,54.28
2008-12-16,0.0,0.007541282749407907,52.37
2008-12-19,0.0,-0.026989241310833023,44.93
2008-12-23,0.0,-0.010635783349289385,45.02
2008-12-30,0.0,-0.006059899315018824,41.63
2009-01-02,0.0,-0.005432308652776663,39.19
2009-01-05,0.0,-0.024578943884812743,39.08
2009-01-12,0.0,-0.03979866614283456,45.84
2009-01-13,0.0,-0.00024382812386647412,43.27
2009-01-15,0.0,-0.001855976215471511,51.0
2009-01-21,0.0,-0.005850690548606541,46.42
2009-01-27,0.0,-0.010236640388518126,42.25
2009-01-28,0.0,-0.012344346608547552,39.66
2009-02-02,0.0,-0.022215006855512587,45.52
2009-02-03,0.0,-0.01621265248607351,43.06
2009-02-05,0.0,0.013309672055172195,43.73
2009-02-06,0.0,0.0003284247330812562,43.37
2009-02-09,0.0,-0.023525549212874086,43.64
2009-02-24,0.0,-0.02563844824646966,45.49
2009-02-26,0.0,-0.024748911786219074,44.66
2009-03-03,0.0,-0.027795501156483104,50.93
2009-03-04,0.0,-0.007558357136085214,47.56
2009-03-09,0.0,-0.02589954783061199,49.68
2009-03-10,0.0,-0.02408198357537783,44.37
2009-03-12,0.0,0.014608949292953755,41.18
2009-03-13,0.0,0.006603849199225076,42.36
2009-03-16,0.0,-0.008819114126356609,43.74
2009-03-17,0.0,-0.005642308278675068,40.8
2009-03-18,0.0,-0.030226987635385782,40.06
2009-03-23,0.0,-0.0038711155621321547,43.23
2009-03-24,0.0,-0.030248911386900224,42.93
2009-03-26,0.0,0.004490005411862175,40.36
2009-03-31,0.0,0.007755298291575841,44.14
2009-04-01,0.0,0.003793626807519823,42.28
2009-04-02,0.0,-0.02019215167352084,42.04
2009-04-03,0.0,-0.013004241250428206,39.7
2009-04-06,0.0,-0.026909307997881937,40.93
2009-04-08,0.0,0.0029471497959210335,38.85
2009-04-09,0.0,-0.002938489626817087,36.53
2009-04-15,0.0,0.002132633659041483,36.17
2009-04-16,0.0,-0.015120967948680675,35.79
2009-04-17,0.0,-0.01353345109076487,33.94
2009-04-21,0.0,-0.005524266532201283,37.14
2009-04-24,0.0,0.008499780289613623,36.82
2009-04-28,0.0,-0.01608996719007294,37.95
2009-04-29,0.0,0.007840501899315955,36.08
2009-04-30,0.0,-0.010113331528552205,36.5
2009-05-01,0.0,-0.003480449734599489,35.3
2009-05-04,0.0,0.01577287109630454,34.53
2009-05-06,0.0,0.00752460739306815,32.45
2009-05-08,0.0,-0.0006557110228826435,32.05
2009-05-14,0.0,0.0027012425715828847,31.37
2009-05-18,0.0,-0.010312639777978472,30.24
2009-05-26,0.0,-0.005633828288015064,30.62
2009-05-28,0.0,0.008707498622194665,31.67
2009-06-01,0.0,-0.00020434430887372734,30.04
2009-06-03,0.0,-0.019019540251077216,31.02
2009-06-05,0.0,-0.01987362388646763,29.62
2009-06-08,0.0,-0.010398252961493437,29.77
2009-06-09,0.0,0.002416715102939726,28.27
2009-06-12,0.0,-0.02205348223888348,28.15
2009-06-18,0.0,-0.001496711970837672,30.03
2009-06-19,0.0,0.0017130359592478772,27.99
2009-06-25,0.0,0.005352746098578498,26.36
2009-06-29,0.0,-0.0003188984682428453,25.35
2009-06-30,0.0,-0.014142969462821564,26.35
2009-07-06,0.0,-0.007198895583060194,29.0
2009-07-08,0.0,-0.021317816594741634,31.3
2009-07-10,0.0,-0.004039755550173885,29.02
2009-07-13,0.0,0.010962508075181177,26.31
2009-07-14,0.0,0.0003252958024266839,25.02
2009-07-15,0.0,0.017994553480691122,25.89
2009-07-16,0.0,-0.004259397406015553,25.42
2009-07-17,0.0,0.0022457883391320266,24.34
2009-07-21,0.0,-0.0020031886284263,23.87
2009-07-23,0.0,0.0015739769150051597,23.43
2009-07-24,0.0,-0.001781049981174676,23.09
2009-07-27,0.0,0.0005247691083185568,24.28
2009-07-28,0.0,-0.015000511880919443,25.01
2009-07-29,0.0,-0.012566547170360765,25.61
2009-07-30,0.0,0.008304585963823108,25.4
2009-08-03,0.0,0.0030407500700302403,25.56
2009-08-05,0.0,-0.0034108400960917162,24.9
2009-08-07,0.0,-0.003539111450880039,24.76
2009-08-10,0.0,-0.012848624203292913,24.99
2009-08-12,0.0,0.00518082520332519,25.45
2009-08-13,0.0,0.004207426053055352,24.71
2009-08-14,0.0,-0.008065373529461572,24.27
2009-08-18,0.0,0.003639114265744814,26.18
2009-08-19,0.0,0.005972033180160707,26.26
2009-08-20,0.0,-0.0031803244342439863,25.09
2009-08-21,0.0,0.013719051985038089,25.01
2009-08-24,0.0,-0.011435191223744035,25.14
2009-08-26,0.0,-0.00021176517419929652,24.95
2009-08-27,0.0,0.001270795533775182,24.68
2009-09-04,0.0,-0.0009037591784882837,25.26
2009-09-08,0.0,0.0030153783559978553,25.62
2009-09-09,0.0,-0.002605508124544187,24.32
2009-09-10,0.0,0.00010050901468949824,23.55
2009-09-14,0.0,-0.004975619343740578,23.86
2009-09-16,0.0,0.013830870063743728,23.69
2009-09-17,0.0,-0.006477609640738957,23.65
2009-09-18,0.0,-0.0030623092199142388,23.92
2009-09-21,0.0,-0.005449861210338303,24.06
2009-09-24,0.0,-0.01530108588351431,24.95
2009-09-25,0.0,-0.007318283501723033,25.61
2009-09-28,0.0,0.0023227507216874166,24.88
2009-10-05,0.0,0.013456937635297761,26.84
2009-10-09,0.0,-0.007201037909921326,23.12
2009-10-14,0.0,-0.00028183308736506874,22.86
2009-10-15,0.0,-0.013253102041898113,21.72
2009-10-19,0.0,0.006281619837222641,21.49
2009-10-22,0.0,-0.005546585141091853,20.69
2009-10-26,0.0,-0.012788935498512566,24.31
2009-10-27,0.0,-0.00710106955899481,24.83
2009-10-29,0.0,0.01602097253020962,24.76
2009-11-04,0.0,0.002213319409460235,27.72
2009-11-05,0.0,0.0018404344252000993,25.43
2009-11-09,0.0,0.005205071106989756,23.15
2009-11-17,0.0,0.00017571864261145542,22.41
2009-11-24,0.0,0.0010306202194896308,20.47
2009-12-04,0.0,-0.03992112256555014,21.25
2009-12-07,0.0,-0.004620143898416806,22.1
2009-12-08,0.0,-0.01770670032116639,23.69
2009-12-09,0.0,-0.01960100057488834,22.66
2009-12-10,0.0,0.0047303879349558375,22.32
2009-12-11,0.0,-0.005596452901374116,21.59
2009-12-14,0.0,0.0034840310246588846,21.15
2009-12-17,0.0,-0.02527516615752967,22.51
2009-12-18,0.0,0.0036140222475009587,21.68
2009-12-21,0.0,-0.01386390325631448,20.49
2009-12-22,0.0,-0.008581362246263047,19.54
2009-12-29,0.0,-0.009212384051389466,20.01
2009-12-30,0.0,-0.005013673655423934,19.96
2010-01-05,0.0,0.00035789964349830505,19.35
2010-01-07,0.0,-0.0024650486556414553,19.06
2010-01-12,0.0,-0.018944927159865954,18.25
2010-01-13,0.0,0.006643635253611446,17.85
2010-01-19,0.0,0.008494802047013694,17.58
2010-01-20,0.0,-0.02404132975137585,18.68
2010-01-27,0.0,-0.012296201566444842,23.14
2010-02-02,0.0,0.011862695831480918,21.48
2010-02-03,0.0,-0.005369607901294149,21.6
2010-02-04,0.0,-0.04408853601189466,26.08
2010-02-05,0.0,-0.00960097233413848,26.11
2010-02-09,0.0,0.010321854653276619,26.0
2010-02-12,0.0,-0.0042953311840686625,22.73
2010-02-17,0.0,0.00017863947391427715,21.72
2010-02-18,0.0,-0.0013398838767306742,20.63
2010-02-22,0.0,-0.007758916314397735,19.94
2010-02-24,0.0,-0.005622518768851004,20.27
2010-03-01,0.0,-0.00044710719678853206,19.26
2010-03-04,0.0,-0.008838694335796204,18.72
2010-03-05,0.0,0.0019424980483946364,17.42
2010-03-08,0.0,-0.009869644660090993,17.79
2010-03-09,0.0,-0.001423972606534707,17.92
2010-03-10,0.0,-0.012655927960672941,18.57
2010-03-11,0.0,0.00018049391863317332,18.06
2010-03-12,0.0,-0.005866425992779756,17.58
2010-03-17,0.0,0.0016040357391258198,16.91
2010-03-19,0.0,-0.017739932204094533,16.97
2010-03-22,0.0,-0.007314407989311045,16.87
2010-03-23,0.0,0.0038205685302681314,16.35
2010-03-24,0.0,-0.013502514194891235,17.55
2010-03-29,0.0,0.00552445021372816,17.59
2010-03-30,0.0,-0.005223857131454457,17.13
2010-04-05,0.0,0.0069327606411713205,17.02
2010-04-06,0.0,0.001941875827050854,16.23
2010-04-08,0.0,-8.686770112675823e-05,16.48
2010-04-12,0.0,0.00043062613944822026,15.58
2010-04-13,0.0,-0.0075756946821332605,16.2
2010-04-14,0.0,0.005378166992773492,15.59
2010-04-15,0.0,0.0006039268092106198,15.89
2010-04-16,0.0,-0.020177548787601807,18.36
2010-04-19,0.0,-0.0009681401117465072,17.34
2010-04-20,0.0,0.002995088583779948,15.73
2010-04-22,0.0,-0.005138392784051593,16.47
2010-04-29,0.0,-0.0024759022395363095,18.44
2010-05-03,0.0,0.0022031824758292906,20.19
2010-05-10,0.0,-0.00793386412060948,28.84
2010-05-17,0.0,0.0002443594197871768,30.84
2010-05-19,0.0,-0.017870437593352162,35.32
2010-05-21,0.0,-0.010186981948845597,40.1
2010-05-27,0.0,-0.0011538979293825857,29.68
2010-06-02,0.0,-0.003429190949335803,30.17
2010-06-03,0.0,-0.010076951502401954,29.46
2010-06-08,0.0,0.003792423938270062,33.7
2010-06-09,0.0,-0.012459807073954998,33.73
2010-06-10,0.0,-0.006267766521672824,30.57
2010-06-14,0.0,-0.004556900866372393,28.58
2010-06-15,0.0,0.008092783412568139,25.87
2010-06-16,0.0,-0.003162424990403201,25.92
2010-06-21,0.0,-0.013919822366909695,24.88
2010-06-23,0.0,-0.004677835885087522,26.91
2010-06-28,0.0,-0.014015047755949639,29.0
2010-07-01,0.0,-0.03147326469038536,32.86
2010-07-06,0.0,-0.010435626413087151,29.65
2010-07-07,0.0,0.0031803871798796735,26.84
2010-07-08,0.0,-0.0023359976763254187,25.71
2010-07-12,0.0,-0.009176567303219918,24.43
2010-07-13,0.0,0.012348810035982538,24.56
2010-07-14,0.0,-0.005357289819841404,24.89
2010-07-19,0.0,-0.005303071404145654,25.97
2010-07-20,0.0,0.008293178668922208,23.93
2010-07-22,0.0,0.0032729309281369634,24.63
2010-07-23,0.0,-0.006524507593580142,23.47
2010-07-26,0.0,-0.003957187307482513,22.73
2010-07-27,0.0,-0.021132713440405793,23.19
2010-08-02,0.0,0.0014386674388042753,22.01
2010-08-09,0.0,-0.0022437038286601263,22.14
2010-08-17,0.0,0.0017149657704675914,24.33
2010-08-20,0.0,-0.0053494062206586035,25.49
2010-08-27,0.0,0.0004856528849608299,24.45
2010-09-01,0.0,-0.0016021789007198972,23.89
2010-09-02,0.0,0.004172310814530178,23.19
2010-09-03,0.0,-0.001837833662105437,21.31
2010-09-08,0.0,-0.0013521619153455955,23.25
2010-09-09,0.0,-0.00533605551302152,22.81
2010-09-10,0.0,-0.003523119807870012,21.99
2010-09-13,0.0,0.0004821017163016972,21.21
2010-09-15,0.0,-0.002362762948231345,22.1
2010-09-20,0.0,0.002665431545262331,21.5
2010-09-21,0.0,-0.005160262381499248,22.35
2010-09-24,0.0,0.0013134135113523904,21.71
2010-10-05,0.0,0.017865287793702,21.76
2010-10-07,0.0,-0.00928401646861221,21.56
2010-10-12,0.0,-0.005615973828443477,18.93
2010-10-15,0.0,-0.004067680529203699,19.03
2010-10-18,0.0,7.291633558281774e-05,19.09
2010-10-19,0.0,-0.02632728768337922,20.63
2010-10-20,0.0,0.006141917004072184,19.79
2010-10-21,0.0,-0.013846569627148031,19.27
2010-10-22,0.0,-0.0002264110884484527,18.78
2010-10-26,0.0,-0.00022420146243562478,20.22
2010-10-27,0.0,-0.011808706149570303,20.71
2010-11-01,0.0,-0.005084389166747583,21.83
2010-11-02,0.0,0.004591966720785434,21.57
2010-11-03,0.0,-0.014228876792052758,19.56
2010-11-10,0.0,-0.007589780728892603,18.47
2010-11-12,0.0,-0.02686904128562284,20.61
2010-11-16,0.0,-0.021996474019960743,22.58
2010-11-17,0.0,-0.0011208248862528691,21.76
2010-11-18,0.0,0.012043667712348771,18.75
2010-11-19,0.0,-0.0005174611793585804,18.04
2010-11-24,0.0,-0.0033393652166515686,19.56
2010-11-29,0.0,0.002715959068677831,21.53
2010-12-01,0.0,0.00166068507445849,21.36
2010-12-02,0.0,0.0008649543210847987,19.39
2010-12-07,0.0,-0.004945947684942165,17.99
2010-12-08,0.0,-0.01831999427223885,17.74
2010-12-10,0.0,-0.005602993243735588,17.61
2010-12-15,0.0,-0.012895394628645196,17.94
2010-12-16,0.0,-0.010898574944740114,17.39
2010-12-21,0.0,0.0019487197198664319,16.49
2010-12-22,0.0,-0.0010084299041850375,15.45
2010-12-23,0.0,-0.004903409712071483,16.47
2010-12-30,0.0,-0.005307480100188999,17.52
2011-01-03,0.0,0.0010555203896767118,17.61
2011-01-04,0.0,-0.030999561607453097,17.38
2011-01-05,0.0,-0.003699655847615113,17.02
2011-01-07,0.0,-0.002114645152716532,17.14
2011-01-12,0.0,0.0012282884189849241,16.24
2011-01-14,0.0,-0.01910736140566127,15.46
2011-01-20,0.0,-0.01729670998134647,17.99
2011-01-21,0.0,-0.004084663943557332,18.47
2011-01-24,0.0,0.0026099925428784143,17.65
2011-01-25,0.0,-0.009073968889456996,17.59
2011-01-26,0.0,0.0005253705218211113,16.64
2011-01-27,0.0,-0.01095271986942048,16.15
2011-01-31,0.0,-0.005146492574806927,19.53
2011-02-01,0.0,0.004348422961079068,17.63
2011-02-02,0.0,-0.006046562954283852,17.3
2011-03-11,0.0,0.006585504283871169,20.08
2011-03-15,0.0,-0.022462445983714385,24.32
2011-03-17,0.0,0.005730659025787954,26.37
2011-03-21,0.0,0.00727447318328478,20.61
2011-06-07,0.0,-0.0020691569168282964,18.07
2011-06-09,0.0,0.0026006111848979607,17.77
2011-06-13,0.0,-0.008897014132637548,19.61
2011-06-14,0.0,0.005808613087871395,18.26
2011-06-20,0.0,0.0018848462628877627,19.99
2011-06-21,0.0,0.002919234511839175,18.86
2011-06-23,0.0,-0.021121803279320006,19.29
2011-06-24,0.0,-0.012893872706222775,21.1
2011-06-27,0.0,-0.0029990003332223125,20.56
2011-06-28,0.0,0.002473229392964571,19.17
2011-08-01,0.0,-0.005711508044735525,23.66
2011-08-05,0.0,-0.004468000580795883,32.0
2011-08-09,0.0,0.017424891637790818,35.06
2011-08-11,0.0,-0.01824510139175095,39.0
2011-08-12,0.0,-0.004917713527062717,36.36
2011-08-15,0.0,0.008792121168502254,31.87
2011-08-23,0.0,-0.01609567593036043,36.27
2011-08-24,0.0,-0.05607279260843678,35.9
2011-08-29,0.0,-0.003177053257588658,32.28
2011-08-31,0.0,0.0009854102349815541,31.62
2011-09-07,0.0,-0.029787727961360533,33.38
2011-09-12,0.0,-0.02504848060141396,38.59
2011-09-14,0.0,-0.0018064641668046333,34.6
2011-09-15,0.0,-0.024677817384151313,31.97
2011-09-19,0.0,-0.01970087282868116,32.73
2011-09-22,0.0,-0.03672115692502076,41.35
2011-09-23,0.0,-0.05847513456020359,41.25
2011-09-26,0.0,-0.027480916030534375,39.02
2011-09-28,0.0,-0.02078027824133255,41.08
2011-09-29,0.0,-0.0004949878141159436,38.84
2011-10-04,0.0,-0.02493964301215279,40.82
2011-10-05,0.0,0.01585439922610421,37.81
2011-10-06,0.0,0.00707186200123866,36.27
2011-10-07,0.0,-0.010533339885526294,36.2
2011-10-10,0.0,0.021474442083779355,33.02
2011-10-11,0.0,-0.005929578676825309,32.86
2011-10-13,0.0,-0.008326889664791337,30.7
2011-10-14,0.0,0.008696695001113586,28.24
2011-10-18,0.0,-0.014204744152864768,31.56
2011-10-20,0.0,-0.020716874596559798,34.78
2011-10-21,0.0,0.01439292190612651,31.32
2011-10-24,0.0,0.010029982667075554,29.26
2011-10-27,0.0,0.013931619365098236,25.46
2011-10-28,0.0,-0.00028625408712268374,24.53
2011-11-02,0.0,0.01034479904843666,32.74
2011-11-08,0.0,0.004524367628342185,27.48
2011-11-10,0.0,-0.01786811076205641,32.81
2011-11-11,0.0,0.016260148495628624,30.04
2011-11-15,0.0,0.0021936675872635814,31.22
2011-11-17,0.0,-0.03044311563508839,34.51
2011-11-21,0.0,-0.0269031736866594,32.91
2011-11-25,0.0,-0.006015186333422906,34.47
2011-11-28,0.0,0.015010411645283384,32.13
2011-11-29,0.0,0.00151974252497733,30.64
2011-11-30,0.0,0.018734665068605327,27.8
2011-12-01,0.0,-0.00584356984925527,27.41
2011-12-05,0.0,-0.009330308430523737,27.84
2011-12-06,0.0,-0.0016178002177191786,28.13
2011-12-09,0.0,0.0017545911301477535,26.38
2011-12-12,0.0,-0.02837464751913188,25.67
2011-12-14,0.0,-0.045544896966083215,26.04
2011-12-15,0.0,-0.0061226238359094465,25.11
2011-12-20,0.0,0.013296507054223028,23.22
2011-12-21,0.0,-0.0022901406460674734,21.43
2011-12-22,0.0,-0.0018611576118627848,21.16
2011-12-23,0.0,-0.002610524692929328,20.73
2011-12-27,0.0,-0.0065432793166922965,21.91
2011-12-28,0.0,-0.01963362671966229,23.52
2011-12-29,0.0,-0.01471623241456077,22.65
2012-01-09,0.0,-0.005321437854003741,21.07
2015-08-25,0.0,-0.013178492214710347,36.02
2015-08-26,0.0,-0.011948669978359416,30.32
2015-09-29,0.0,-0.0043286434753202485,26.83
2016-01-19,0.0,-0.0014658502848717836,26.05
2016-01-21,0.0,-0.0072260863304292045,26.69
2016-01-28,0.0,-0.0004479885412931317,22.42
2016-02-10,0.0,-0.0033369484966521146,26.29
2016-02-12,0.0,-0.007051886093404791,25.4
2018-12-26,0.0,0.0013411843565089843,30.41
2018-12-27,0.0,0.006382050084993374,29.96
2018-12-31,0.0,-0.0012500785650582102,25.42
2019-01-04,0.0,-0.0070445094536923936,21.38
2019-01-07,0.0,0.0031964588854191955,21.4
2019-01-08,0.0,-0.002797713335128127,20.47
2019-01-10,0.0,-0.003567903111794002,19.5
2019-01-15,0.0,-0.0022496505073195117,18.6
2020-02-28,0.0,-0.046280502691501524,40.11
2020-03-02,0.0,0.01802958486181372,33.42
2020-03-04,0.0,-0.0006089763198755538,31.99
2020-03-10,0.0,-0.009196789736675148,47.3
2020-03-13,0.0,-0.04630975611591981,57.83
2020-03-17,0.0,0.026246718728858642,75.91
2020-03-19,0.0,0.0008799341466505517,72.0
2020-03-24,0.0,0.059476675923340716,61.67
2020-03-25,0.0,-0.016805145864542737,63.95
2020-03-26,0.0,0.010904812978834055,61.0
2020-03-30,0.0,-0.0011700378012791113,57.08
2020-03-31,0.0,-0.023797765466052723,53.54
2020-04-06,0.0,0.026504284827250757,45.24
2020-04-07,0.0,-0.007274866530635027,46.7
2020-04-08,0.0,0.0003603889766581325,43.35
2020-04-14,0.0,0.006820209772313124,37.76
2020-04-16,0.0,-0.0039369655801569925,40.11
2020-04-17,0.0,-0.018135359683463026,38.15
2020-04-24,0.0,-0.005653982895085452,35.93
2020-04-27,0.0,-0.006730476116006634,33.29
2020-04-29,0.0,-0.004150818816683666,31.23
2020-04-30,0.0,-0.011271617334156159,34.15
2020-05-05,0.0,-0.0014646434848216705,33.61
2020-05-06,0.0,-0.01185172081250807,34.12
2020-05-08,0.0,-0.006911385803573311,27.98
2020-05-11,0.0,-0.008538496624058811,27.57
2020-05-18,0.0,-0.01231890913949063,29.3
2020-05-20,0.0,0.0036693180789062474,27.99
2020-05-21,0.0,-0.017194091172006765,29.53
2020-05-26,0.0,-0.017179711274783238,28.01
2020-06-12,0.0,-0.0015588632632073107,36.09
2020-06-15,0.0,-0.005204417825639296,34.4
2020-06-16,0.0,0.005405991102626295,33.67
2020-06-18,0.0,-0.00254447285912085,32.94
2020-06-22,0.0,0.006185879263869598,31.77
2020-06-25,0.0,-0.002095408959039924,32.22
2020-06-29,0.0,0.0012976298043019252,31.78
2020-06-30,0.0,0.010254648789249421,30.43
2020-10-29,0.0,-0.005649704648652665,37.59
2020-11-02,0.0,0.0069244699216712835,37.13
2020-11-03,0.0,0.009574680148212389,35.55
2021-01-28,0.0,-0.0037942435402282815,30.21
2021-02-01,0.0,0.0073079627798224855,30.24
2022-01-26,0.0,-0.012306324477091457,31.96
2022-01-27,0.0,-0.020001079347303108,30.49
2022-02-24,0.0,0.008328108537978274,30.32
2022-03-02,0.0,-0.011068780750497331,30.74
2022-03-09,0.0,-0.026567301514872077,32.45
2022-03-14,0.0,-0.011650767213810864,31.77
2022-03-15,0.0,-0.015870573572873248,29.83
2022-04-25,0.0,-0.019575374846258375,27.02
2022-04-27,0.0,-0.00815188797779498,31.6
2022-04-28,0.0,0.0014846634082219534,29.99
2022-05-02,0.0,-0.024878226986457253,32.34
2022-05-03,0.0,0.00375980224321415,29.25
2022-05-10,0.0,-0.009261726023364947,32.99
2022-05-12,0.0,-0.015545680199365974,31.77
2022-05-13,0.0,-0.008992227204183023,28.87
2022-05-17,0.0,0.0025916466346154188,26.1
2022-05-20,0.0,0.00032592747782111964,29.43
2022-05-23,0.0,0.003257682615340096,28.48
2022-05-25,0.0,-0.010133518128498498,28.37
2022-05-26,0.0,0.0006500234394577475,27.5
2022-05-27,0.0,0.0021110882118231533,25.72
2022-06-02,0.0,0.012586095891780724,24.72
2022-06-06,0.0,-0.0033597448575715116,25.07
2022-06-07,0.0,0.004512858334319025,24.02
2022-06-14,0.0,-0.010120350109409149,32.69
2022-06-15,0.0,0.0032053323172838155,29.62
2022-06-17,0.0,-0.005472165494464609,31.13
2022-06-21,0.0,-0.0005447810052845448,30.19
2022-06-23,0.0,-0.004688490120111077,29.05
2022-06-24,0.0,0.0004382148488373261,27.23
2022-06-29,0.0,-0.0020908109095598704,28.16
2022-07-01,0.0,-0.0028822965701698067,26.7
2022-07-05,0.0,-0.020623700640629905,27.54
2022-07-06,0.0,-0.015268488857152263,26.73
2022-07-07,0.0,0.0017292062699769684,26.08
2022-07-14,0.0,-0.017126024684642305,26.4
2022-07-15,0.0,-0.0012320185309108167,24.23
2022-07-19,0.0,0.00046808381171348223,24.5
2022-07-20,0.0,-0.0061403508771930015,23.88
2022-07-21,0.0,0.007766961560385477,23.11
2022-07-25,0.0,-0.004689928608903826,23.36
2022-07-27,0.0,0.0008150576083485461,23.24
2022-07-29,0.0,0.007198751776515966,21.33
2022-08-03,0.0,-0.0073965195452072585,21.95
2022-08-05,0.0,-0.00872237941623566,21.15
2022-08-10,0.0,0.000891848152696495,19.74
2022-08-11,0.0,-0.0032858233984645047,20.2
2022-08-17,0.0,-0.007274928208307663,19.9
2022-08-24,0.0,0.0005724753675562244,22.82
2022-08-25,0.0,0.0056642076136728114,21.78
2022-09-01,0.0,-0.009458239596192963,25.56
2022-09-06,0.0,-0.0054977331533621054,26.91
2022-09-07,0.0,0.008762658315767169,24.64
2022-09-08,0.0,-0.004255843654357938,23.61
2022-09-09,0.0,0.004800908180254693,22.79
2022-09-12,0.0,0.006933938208037338,23.87
2022-09-14,0.0,-0.004985337243401777,26.16
2022-09-15,0.0,-0.01833184532032861,26.27
2022-09-19,0.0,-0.003290064102798196,25.76
2022-09-26,0.0,-0.013371421228407288,32.26
2022-10-03,0.0,0.018346967969246952,30.1
2022-10-04,0.0,0.016657777048373124,29.07
2022-10-05,0.0,-0.0056359022192029595,28.55
2022-10-10,0.0,-0.019523640794986807,32.45
2022-10-12,0.0,-0.005003814015653085,33.57
2022-10-13,0.0,-0.00017963768146656012,31.94
2022-10-17,0.0,0.00931963774330602,31.37
2022-10-18,0.0,-0.004828002414001165,30.5
2022-10-19,0.0,-0.013038204972710687,30.76
2022-10-21,0.0,0.012386528432097199,29.69
2022-10-24,0.0,-0.001393124668761403,29.85
2022-10-25,0.0,0.0024868670938793525,28.46
2022-10-28,0.0,-0.012705471311086791,25.75
2022-11-03,0.0,-0.011180593601310962,25.3
2022-11-07,0.0,0.0023916292974588416,24.35
2022-11-10,0.0,0.023507440393017776,23.53
2022-11-11,0.0,0.008969862728614109,22.52
2022-11-15,0.0,0.0001128062950730424,24.54
2022-11-17,0.0,-0.006880965127961103,23.93
2022-11-18,0.0,-0.005054534397580079,23.12
2022-11-21,0.0,-0.00827672800840884,22.36
2022-11-22,0.0,0.0005180294701365717,21.29
2022-11-23,0.0,0.0037967988267542108,20.35
2022-11-30,0.0,-0.0013726975409227293,20.58
2022-12-02,0.0,-0.002887097463972421,19.06
2022-12-08,0.0,0.0017921877187763169,22.29
2022-12-12,0.0,-0.009788096226519438,25.0
2022-12-21,0.0,0.0,20.07
2022-12-22,0.0,-0.015914986522117425,21.97
2022-12-23,0.0,0.004980427763884965,20.87
2022-12-29,0.0,0.006416270495763099,21.44
2023-01-04,0.0,0.00712077947705847,22.01
2023-01-06,0.0,0.016023491149636415,21.13
2023-01-10,0.0,-0.0005873741734491178,20.58
2023-01-11,0.0,0.0016029066248843815,21.09
2023-01-17,0.0,-0.005838236603238345,19.36
2023-01-20,0.0,0.002237161897270301,19.85
2023-01-23,0.0,0.0003633467415926628,19.81
2023-01-26,0.0,-0.006233245358693296,18.73
2023-01-27,0.0,-0.00025918822576742606,18.51
2023-01-31,0.0,0.0034323030329923565,19.4
2023-02-01,0.0,-0.0008810319626199048,17.87
2023-02-02,0.0,-0.005965348951511129,18.73
2023-02-03,0.0,-0.027866212520694877,18.33
2023-02-07,0.0,0.0029471654398802727,18.66
2023-02-10,0.0,-0.001821831761176007,20.53
2023-02-13,0.0,-0.005851419437593264,20.34
2023-02-15,0.0,-0.010679637987122459,18.23
2023-02-23,0.0,-0.007641921397379958,21.14
2023-03-02,0.0,-0.002285439018049007,19.59
2023-03-03,0.0,0.007744723846127677,18.49
2023-03-06,0.0,0.0001082823226037366,18.61
2023-03-07,0.0,-0.018399263786351705,19.59
2023-03-08,0.0,-0.0006615983384062885,19.11
2023-03-14,0.0,-0.0028770205264839754,23.73
2023-03-16,0.0,-0.003944760553433513,22.99
2023-03-20,0.0,0.004772008381938253,24.15
2023-03-21,0.0,-0.020816467354640267,21.38
2023-03-24,0.0,-0.0058682279845787555,21.74
2023-03-27,0.0,-0.014984083314513508,20.6
2023-03-29,0.0,-0.003194102996422754,19.12
2023-03-31,0.0,-0.005706230646619459,18.7
2023-04-06,0.0,-0.004453461275309434,18.4
2023-04-10,0.0,-0.011332595333490958,18.97
2023-04-14,0.0,-0.019154507774933327,17.07
2023-04-17,0.0,-0.0039956049321235865,16.95
2023-04-19,0.0,-0.00607754961333562,16.46
2023-04-21,0.0,-0.013996800123359243,16.77
2023-04-27,0.0,0.002115160067214017,17.03
2023-04-28,0.0,0.00010048302398191211,15.78
2023-05-01,0.0,-0.003366640497496687,16.08
2023-05-05,0.0,-0.014941394329071045,17.19
2023-05-10,0.0,-0.0027993081762891503,16.94
2023-05-11,0.0,-0.0077813586939793344,16.93
2023-05-15,0.0,0.0017374038222883748,17.12
2023-05-16,0.0,-0.014667976008888806,17.99
2023-05-17,0.0,-0.0038724970567511896,16.87
2023-05-18,0.0,-0.012217878410890615,16.05
2023-05-22,0.0,-0.0019709417496271975,17.21
2023-05-25,0.0,-0.01003671935607986,19.14
2023-05-26,0.0,0.0005146415586252395,17.95
2023-10-30,0.0,0.0038217719396775873,19.75
2023-10-31,0.0,-0.0055104700275854235,18.14
2025-04-07,0.0,-0.020152706232362205,46.98
2025-04-09,0.0,0.029679322380616213,33.62
2025-04-14,0.0,-0.005400007016144959,30.89
2025-04-17,0.0,-0.005380913232397977,29.65
2025-04-22,0.0,-0.0015853157246075167,30.57
2025-04-23,0.0,-0.03660903264303972,28.45
2025-04-24,0.0,0.017000869988021305,26.47
