crisis_name,start_date,end_date,asset,trading_days,mean_daily_return,total_return,std_return,max_drawdown,hit_rate
Dotcom Bubble Burst,2000-03-10,2002-10-09,AAPL,648,-0.0012445913521552277,-0.7838563853213238,0.0436642225212224,-0.8114949838316647,0.44598765432098764
Dotcom Bubble Burst,2000-03-10,2002-10-09,AMZN,648,-0.00022075138908743357,-0.7478878520359502,0.06329059059138693,-0.9440421779932859,0.46296296296296297
Dotcom Bubble Burst,2000-03-10,2002-10-09,DIA,648,-0.00032107903869756283,-0.2346954169432106,0.014388149024410376,-0.3502994025621927,0.47685185185185186
Dotcom Bubble Burst,2000-03-10,2002-10-09,GC=F,524,0.00033262285728073894,0.16684926332748562,0.008768678156028052,-0.08369248672337348,0.49427480916030536
Dotcom Bubble Burst,2000-03-10,2002-10-09,IEF,50,0.001492907429755268,0.07680629042770137,0.004912338873725232,-0.01523543856571452,0.64
Dotcom Bubble Burst,2000-03-10,2002-10-09,IWM,593,-0.0003924297314143811,-0.26851980300223544,0.01644038934038368,-0.3867289328206339,0.48903878583473864
Dotcom Bubble Burst,2000-03-10,2002-10-09,MSFT,648,-0.000787645323251603,-0.5644553392608396,0.030959251557061057,-0.6516264128471189,0.47685185185185186
Dotcom Bubble Burst,2000-03-10,2002-10-09,NVDA,648,0.000130643305589594,-0.7501678873278179,0.06386639285980115,-0.8972243627906007,0.4537037037037037
Dotcom Bubble Burst,2000-03-10,2002-10-09,QQQ,648,-0.002152375934610459,-0.8248035083232155,0.03295673015215574,-0.8296389940832403,0.4660493827160494
Dotcom Bubble Burst,2000-03-10,2002-10-09,SHY,50,0.0003203503930236473,0.016102014419668187,0.0012972057516420867,-0.004283183354161446,0.6
Dotcom Bubble Burst,2000-03-10,2002-10-09,SI=F,525,-0.00018644255278085463,-0.12008114163137695,0.010698957306947258,-0.195443670563473,0.5047619047619047
Dotcom Bubble Burst,2000-03-10,2002-10-09,SPY,648,-0.0007459900428621955,-0.42336652429998234,0.014950709089916652,-0.475158747444268,0.48302469135802467
Dotcom Bubble Burst,2000-03-10,2002-10-09,TLT,50,0.0022018330499492976,0.11485039530197239,0.007152236541149559,-0.0198199958334474,0.68
Dotcom Bubble Burst,2000-03-10,2002-10-09,XLB,648,-2.4093763633499948e-05,-0.12090932296846313,0.01802983167292692,-0.37561222920881965,0.47530864197530864
Dotcom Bubble Burst,2000-03-10,2002-10-09,XLE,648,-0.0002687784634242798,-0.22705189282029092,0.01727925406071874,-0.4153259290573661,0.4845679012345679
Dotcom Bubble Burst,2000-03-10,2002-10-09,XLF,648,0.0001304452732885034,-0.031683214558481776,0.018755519569244424,-0.36644437155939946,0.4984567901234568
Dotcom Bubble Burst,2000-03-10,2002-10-09,XLI,648,-0.0003642857117921078,-0.28103728912569625,0.016786667114026176,-0.4351923137743293,0.4984567901234568
Dotcom Bubble Burst,2000-03-10,2002-10-09,XLK,648,-0.0021296789553157352,-0.8061924489110417,0.02829827364466555,-0.8204650935444606,0.45524691358024694
Dotcom Bubble Burst,2000-03-10,2002-10-09,XLP,648,0.00016558723422058818,0.06684362753717088,0.012987461242876959,-0.32870507117498016,0.47530864197530864
Dotcom Bubble Burst,2000-03-10,2002-10-09,XLU,648,-0.0005285478905848456,-0.34379735335944217,0.015578978739624636,-0.5227241836886201,0.4876543209876543
Dotcom Bubble Burst,2000-03-10,2002-10-09,XLV,648,3.3677664960156686e-06,-0.07093438400841323,0.016107197008856843,-0.33268834276818526,0.5030864197530864
Dotcom Bubble Burst,2000-03-10,2002-10-09,XLY,648,-5.058101717099198e-05,-0.12596974273680317,0.018895298806712302,-0.31541055471950963,0.49537037037037035
Global Financial Crisis (GFC),2007-10-09,2009-03-09,AAPL,356,-0.0013716530577818078,-0.5048851823813747,0.03462045218852894,-0.6086673233140454,0.4943820224719101
Global Financial Crisis (GFC),2007-10-09,2009-03-09,AMZN,356,-0.00048702554834490744,-0.3654007503332156,0.04034417257202132,-0.6716578714838077,0.449438202247191
Global Financial Crisis (GFC),2007-10-09,2009-03-09,DBC,356,-0.0006594596053234196,-0.2737004954584903,0.020915314706025766,-0.6030098820236585,0.5084269662921348
Global Financial Crisis (GFC),2007-10-09,2009-03-09,DIA,356,-0.0017703742552787722,-0.5186836171710223,0.02275107729469361,-0.5186836171710223,0.46348314606741575
Global Financial Crisis (GFC),2007-10-09,2009-03-09,GC=F,356,0.0008001029759705798,0.2445077052122897,0.01838285826749273,-0.29734846906222756,0.5168539325842697
Global Financial Crisis (GFC),2007-10-09,2009-03-09,GLD,356,0.0008126693590871704,0.2391572613593329,0.01948154622752533,-0.2941413603663834,0.5224719101123596
Global Financial Crisis (GFC),2007-10-09,2009-03-09,GOOGL,356,-0.0015561633293892508,-0.5271465245822837,0.03251148188533948,-0.6529475769682853,0.45786516853932585
Global Financial Crisis (GFC),2007-10-09,2009-03-09,IAU,356,0.0008149042110669831,0.24072803968183032,0.019605522046430356,-0.29228294314310643,0.5252808988764045
Global Financial Crisis (GFC),2007-10-09,2009-03-09,IEF,356,0.0005257156388574135,0.20150937300068827,0.006123275243736036,-0.06182470234411064,0.5252808988764045
Global Financial Crisis (GFC),2007-10-09,2009-03-09,IWM,356,-0.0020730926626415626,-0.583874671969525,0.02693223502723525,-0.5863999181050017,0.4859550561797753
Global Financial Crisis (GFC),2007-10-09,2009-03-09,MSFT,356,-0.0013914008374573327,-0.4821688261075716,0.029531028417895372,-0.6938622649878516,0.4550561797752809
Global Financial Crisis (GFC),2007-10-09,2009-03-09,NVDA,356,-0.0029346989056574274,-0.7748847577334378,0.05019230320844398,-0.8507840228231478,0.4691011235955056
Global Financial Crisis (GFC),2007-10-09,2009-03-09,QQQ,356,-0.0017468358948235267,-0.5155519631287926,0.02350937866351863,-0.7782015998109881,0.4606741573033708
Global Financial Crisis (GFC),2007-10-09,2009-03-09,SHY,356,0.00023363965757585602,0.0885470345910957,0.0017544767846840096,-0.022315078507903152,0.5758426966292135
Global Financial Crisis (GFC),2007-10-09,2009-03-09,SI=F,356,0.0003782414627702592,-0.03896108032223522,0.02968403979217548,-0.5750543781098152,0.5280898876404494
Global Financial Crisis (GFC),2007-10-09,2009-03-09,SLV,356,0.0003914857638881173,-0.04665919959993381,0.03083514324711576,-0.5708258446707315,0.5449438202247191
Global Financial Crisis (GFC),2007-10-09,2009-03-09,SPY,356,-0.0019399605373442302,-0.551894485120251,0.023998345105057137,-0.551894485120251,0.4887640449438202
Global Financial Crisis (GFC),2007-10-09,2009-03-09,TLT,356,0.0006864824720797877,0.2507448922462088,0.011106323679527857,-0.1619310559196694,0.5140449438202247
Global Financial Crisis (GFC),2007-10-09,2009-03-09,USO,356,-0.0015574208955568417,-0.533387639958692,0.03323092840852728,-0.8054136878010024,0.4691011235955056
Global Financial Crisis (GFC),2007-10-09,2009-03-09,UUP,356,0.0003340826155551024,0.11792954939873912,0.00792000312291886,-0.11155436604373459,0.48314606741573035
Global Financial Crisis (GFC),2007-10-09,2009-03-09,XLB,356,-0.0019084088052332073,-0.5671176128682425,0.02791278458946222,-0.5982479323024148,0.4859550561797753
Global Financial Crisis (GFC),2007-10-09,2009-03-09,XLE,356,-0.001144880025274996,-0.4791611296507381,0.035446253475953524,-0.5735939956312048,0.5308988764044944
Global Financial Crisis (GFC),2007-10-09,2009-03-09,XLF,356,-0.003738090111223229,-0.8156070679859239,0.0442220045097112,-0.8268653990508135,0.41292134831460675
Global Financial Crisis (GFC),2007-10-09,2009-03-09,XLI,356,-0.002444403335845735,-0.6226266263505549,0.022943604691886898,-0.6226266263505549,0.4887640449438202
Global Financial Crisis (GFC),2007-10-09,2009-03-09,XLK,356,-0.001718825197690603,-0.5139354661759241,0.023987527740153364,-0.7833349427773122,0.46629213483146065
Global Financial Crisis (GFC),2007-10-09,2009-03-09,XLP,356,-0.0008246264919742107,-0.2851106953312287,0.014262963911615249,-0.32387526041311065,0.49719101123595505
Global Financial Crisis (GFC),2007-10-09,2009-03-09,XLU,356,-0.0013039127645441376,-0.424757617902628,0.020991155466182795,-0.4648093815168971,0.49157303370786515
Global Financial Crisis (GFC),2007-10-09,2009-03-09,XLV,356,-0.001180524311656008,-0.3829888898356849,0.017443049348797524,-0.3917025545573618,0.4691011235955056
Global Financial Crisis (GFC),2007-10-09,2009-03-09,XLY,356,-0.002008719350732232,-0.5656677636281939,0.025543623020446122,-0.5904758144901043,0.43820224719101125
European Debt Crisis,2010-04-23,2012-07-24,AAPL,569,0.0015720535357635918,1.218810409839389,0.016904754291367424,-0.1667792431001619,0.5325131810193322
European Debt Crisis,2010-04-23,2012-07-24,AMZN,569,0.0009548302792870625,0.5528789935817711,0.022791031026944998,-0.2983665113764832,0.5131810193321616
European Debt Crisis,2010-04-23,2012-07-24,DBC,569,0.00025151764358042825,0.09889653669292531,0.012168597233173203,-0.5362979568795189,0.5342706502636204
European Debt Crisis,2010-04-23,2012-07-24,DIA,569,0.0003840642786490883,0.1929492910408348,0.011341193365910184,-0.261391635093704,0.5360281195079086
European Debt Crisis,2010-04-23,2012-07-24,GC=F,569,0.0006358408003190956,0.36675052759338556,0.01181278700037269,-0.18663631551495807,0.5641476274165202
European Debt Crisis,2010-04-23,2012-07-24,GLD,569,0.0006244285910773025,0.3563035688768703,0.0116162322386335,-0.19031361569409355,0.5588752196836555
European Debt Crisis,2010-04-23,2012-07-24,GOOGL,569,0.00033939071289636343,0.11482792379793683,0.01767210112915684,-0.4121380743419849,0.5166959578207382
European Debt Crisis,2010-04-23,2012-07-24,IAU,569,0.0006298456424581764,0.3609467375882105,0.011619409817936209,-0.1897297421017209,0.5430579964850615
European Debt Crisis,2010-04-23,2012-07-24,IEF,569,0.0004713619197481323,0.30234428301822414,0.0048813179890404195,-0.08018431622017608,0.5518453427065027
European Debt Crisis,2010-04-23,2012-07-24,IWM,569,0.0002858714108995855,0.06777712143327386,0.017437039147968025,-0.2891480140210211,0.5114235500878734
European Debt Crisis,2010-04-23,2012-07-24,META,45,-0.005800027486808987,-0.2558201230865712,0.03847477901593579,-0.323306297544393,0.4
European Debt Crisis,2010-04-23,2012-07-24,MSFT,569,7.337740302958103e-05,-0.004958593136228151,0.014607743508128148,-0.5230176950632488,0.48154657293497366
European Debt Crisis,2010-04-23,2012-07-24,NVDA,569,9.114729321163186e-06,-0.21897825402625581,0.030718280559729503,-0.7754172642806307,0.48154657293497366
European Debt Crisis,2010-04-23,2012-07-24,QQQ,569,0.0005207361676417663,0.27331309893269706,0.013319741881637419,-0.6270554503441357,0.5342706502636204
European Debt Crisis,2010-04-23,2012-07-24,SHY,569,5.661810234205075e-05,0.03300865807086306,0.0005903584909065687,-0.00806060763817873,0.5149384885764499
European Debt Crisis,2010-04-23,2012-07-24,SI=F,569,0.0010211460478553676,0.47286833411036633,0.025177748455108374,-0.4597604162184623,0.5536028119507909
European Debt Crisis,2010-04-23,2012-07-24,SLV,569,0.000994170902801017,0.46398657379905694,0.02422476924036637,-0.45768091258926824,0.5500878734622144
European Debt Crisis,2010-04-23,2012-07-24,SPY,569,0.0003369068899806193,0.1508370634153402,0.012526881289136173,-0.30592609167465734,0.5360281195079086
European Debt Crisis,2010-04-23,2012-07-24,TLT,569,0.0008745027107131207,0.5897668088684245,0.011475056569670654,-0.22451408608471868,0.5448154657293497
European Debt Crisis,2010-04-23,2012-07-24,TSLA,522,0.0011157365189048646,0.24905774656015267,0.03718946504395588,-0.384550538347342,0.4904214559386973
European Debt Crisis,2010-04-23,2012-07-24,USO,569,-0.00016099367833222072,-0.19047616829642888,0.019068561835184763,-0.7492339271138271,0.5026362038664324
European Debt Crisis,2010-04-23,2012-07-24,UUP,569,-4.324225618774624e-05,-0.031040272875289432,0.005638698402458031,-0.22190934225663672,0.44991212653778556
European Debt Crisis,2010-04-23,2012-07-24,XLB,569,0.00023401074144775876,0.044013120704416764,0.01688307341993923,-0.35926002377402655,0.5131810193321616
European Debt Crisis,2010-04-23,2012-07-24,XLE,569,0.0003867270316056806,0.12090540894018131,0.016976514085378775,-0.43188338215762734,0.5008787346221442
European Debt Crisis,2010-04-23,2012-07-24,XLF,569,-6.762109042454204e-05,-0.1246478659385738,0.017945291961721673,-0.6703528907085988,0.4833040421792619
European Debt Crisis,2010-04-23,2012-07-24,XLI,569,0.0002828501875430901,0.09360071934761538,0.01515533079045165,-0.311838633096463,0.5043936731107206
European Debt Crisis,2010-04-23,2012-07-24,XLK,569,0.00042020034830604234,0.21037467590157366,0.012666912738925179,-0.6569421677104209,0.5307557117750439
European Debt Crisis,2010-04-23,2012-07-24,XLP,569,0.0005132889778665569,0.31695694099690397,0.008205429988267286,-0.11940733334330855,0.5536028119507909
European Debt Crisis,2010-04-23,2012-07-24,XLU,569,0.0005567833115793944,0.3288870925879943,0.009288275913771125,-0.30273231739188133,0.539543057996485
European Debt Crisis,2010-04-23,2012-07-24,XLV,569,0.00046216741241462115,0.24870377752155237,0.01041415428662353,-0.19939496931200817,0.5377855887521968
European Debt Crisis,2010-04-23,2012-07-24,XLY,569,0.00047791443918255715,0.2431957182814981,0.013687589866767554,-0.24426900700581589,0.5272407732864675
China Crash / Oil Crash,2015-06-12,2016-02-11,AAPL,169,-0.001606798559040944,-0.25265420847636544,0.01901936314900283,-0.2889350447063139,0.4437869822485207
China Crash / Oil Crash,2015-06-12,2016-02-11,AMZN,169,0.0011729183800367597,0.17189242859088583,0.02359879864979469,-0.3053446326540753,0.5207100591715976
China Crash / Oil Crash,2015-06-12,2016-02-11,BTC-USD,245,0.002608381364604589,0.6507987606239345,0.033060791831795916,-0.5397346616200633,0.5183673469387755
China Crash / Oil Crash,2015-06-12,2016-02-11,DBC,169,-0.0020942649245958463,-0.2996020875956231,0.011931884440595675,-0.7401518770219511,0.378698224852071
China Crash / Oil Crash,2015-06-12,2016-02-11,DIA,169,-0.0006819030409912786,-0.11110795801734019,0.011375032313219863,-0.13866690227044964,0.47928994082840237
China Crash / Oil Crash,2015-06-12,2016-02-11,GC=F,169,0.00038132120467772106,0.05861891137061925,0.010025234456428955,-0.44363844125895235,0.4319526627218935
China Crash / Oil Crash,2015-06-12,2016-02-11,GLD,169,0.00033755689914038333,0.05148806878758405,0.00920784170271677,-0.45555012734257017,0.47337278106508873
China Crash / Oil Crash,2015-06-12,2016-02-11,GOOGL,169,0.0016983895406507028,0.2902258016131145,0.021283121149250267,-0.1245677380850414,0.5325443786982249
China Crash / Oil Crash,2015-06-12,2016-02-11,IAU,169,0.0003458217960663768,0.054338290433869174,0.009324672146567839,-0.45135137197133657,0.44970414201183434
China Crash / Oil Crash,2015-06-12,2016-02-11,IEF,169,0.0004527542870603502,0.07885322877694856,0.003737999135324185,-0.050926499473991305,0.5798816568047337
China Crash / Oil Crash,2015-06-12,2016-02-11,IWM,169,-0.001551410326989835,-0.23862749366570213,0.012538116679694292,-0.25680478838260157,0.4378698224852071
China Crash / Oil Crash,2015-06-12,2016-02-11,META,169,0.0015527637796092558,0.24996951361267894,0.022823051405014744,-0.1656672991678494,0.5621301775147929
China Crash / Oil Crash,2015-06-12,2016-02-11,MSFT,169,0.0006390560299737517,0.09538332552842,0.01804372367635122,-0.16595558784021236,0.5207100591715976
China Crash / Oil Crash,2015-06-12,2016-02-11,NVDA,169,0.0012436002535324642,0.20809624722588405,0.024371721084296687,-0.4844117877064733,0.5207100591715976
China Crash / Oil Crash,2015-06-12,2016-02-11,QQQ,169,-0.0006116455008856064,-0.10525277851586035,0.013803545786957557,-0.16104398295296274,0.4970414201183432
China Crash / Oil Crash,2015-06-12,2016-02-11,SHY,169,5.222935736555952e-05,0.00907138713593203,0.0006197668179509942,-0.007112147343096509,0.4437869822485207
China Crash / Oil Crash,2015-06-12,2016-02-11,SI=F,169,7.02207920610215e-05,-0.001833372270915401,0.016254501036779802,-0.71871397025315,0.4911242603550296
China Crash / Oil Crash,2015-06-12,2016-02-11,SLV,169,-5.7375324226921324e-05,-0.019672143654745122,0.01354550261326268,-0.7236563503290236,0.47337278106508873
China Crash / Oil Crash,2015-06-12,2016-02-11,SPY,169,-0.0007028464613579142,-0.11526071212265998,0.011593504195971532,-0.1302287815451122,0.47337278106508873
China Crash / Oil Crash,2015-06-12,2016-02-11,TLT,169,0.0008839709164836525,0.15303259807422198,0.009082840645299845,-0.1580950467677832,0.5739644970414202
China Crash / Oil Crash,2015-06-12,2016-02-11,TSLA,169,-0.002618458573650874,-0.3997766669774696,0.028796634139831856,-0.49772755506149235,0.4970414201183432
China Crash / Oil Crash,2015-06-12,2016-02-11,USO,169,-0.005144850399441411,-0.6058214311456569,0.028876803563925434,-0.9322437877877607,0.3668639053254438
China Crash / Oil Crash,2015-06-12,2016-02-11,UUP,169,-8.753777451390317e-06,-0.003214120371325846,0.005496394111556071,-0.09328098950345054,0.4911242603550296
China Crash / Oil Crash,2015-06-12,2016-02-11,XLB,169,-0.001354056882317216,-0.21359350051381498,0.014315745077554879,-0.2688746661663942,0.44970414201183434
China Crash / Oil Crash,2015-06-12,2016-02-11,XLE,169,-0.0018533969119477749,-0.2837888782504512,0.019358354743140693,-0.46745746794978205,0.4437869822485207
China Crash / Oil Crash,2015-06-12,2016-02-11,XLF,169,-0.0012764876203633245,-0.20260221333603634,0.013296300020925004,-0.3795542570103765,0.47928994082840237
China Crash / Oil Crash,2015-06-12,2016-02-11,XLI,169,-0.0006938993265623742,-0.11584836850089797,0.011794497811278119,-0.15701826945079844,0.46745562130177515
China Crash / Oil Crash,2015-06-12,2016-02-11,XLK,169,-0.0004555882594472896,-0.0795418895294262,0.01324098502592125,-0.3056917489569412,0.5088757396449705
China Crash / Oil Crash,2015-06-12,2016-02-11,XLP,169,0.0003019710995698289,0.04795539341838517,0.009837157369322709,-0.10074755541144031,0.48520710059171596
China Crash / Oil Crash,2015-06-12,2016-02-11,XLRE,86,-0.000992374972720017,-0.08901095703949746,0.013519827445345814,-0.13422377583465184,0.4883720930232558
China Crash / Oil Crash,2015-06-12,2016-02-11,XLU,169,0.0005985154607351144,0.10560320668946499,0.010684450467495901,-0.15689119734165624,0.5502958579881657
China Crash / Oil Crash,2015-06-12,2016-02-11,XLV,169,-0.0008554360195615851,-0.13701203651559524,0.013400593215547835,-0.1709364391606727,0.4970414201183432
China Crash / Oil Crash,2015-06-12,2016-02-11,XLY,169,-0.0005456695942932613,-0.09528231355364913,0.012142647995265892,-0.15845064054131675,0.5207100591715976
COVID-19 Pandemic Crash,2020-02-19,2020-03-23,AAPL,24,-0.012923364791582214,-0.3066869206605177,0.058303021187775625,-0.31427268109245676,0.2916666666666667
COVID-19 Pandemic Crash,2020-02-19,2020-03-23,AMZN,24,-0.0044356466407333844,-0.12320869783728239,0.039529128324026074,-0.22744701905130327,0.4166666666666667
COVID-19 Pandemic Crash,2020-02-19,2020-03-23,BTC-USD,34,-0.009414155088146045,-0.33395023694856796,0.08322995594678129,-0.7450538027455382,0.38235294117647056
COVID-19 Pandemic Crash,2020-02-19,2020-03-23,DBC,24,-0.011599642388016146,-0.25704697206573723,0.025353844364518797,-0.7561974835529887,0.3333333333333333
COVID-19 Pandemic Crash,2020-02-19,2020-03-23,DIA,24,-0.017183321218658204,-0.36347399045659134,0.051664169601433954,-0.36696014222606166,0.2916666666666667
COVID-19 Pandemic Crash,2020-02-19,2020-03-23,ETH-USD,34,-0.015587949461164834,-0.48063774135785164,0.1005424346668864,-0.9207932644711867,0.47058823529411764
COVID-19 Pandemic Crash,2020-02-19,2020-03-23,GC=F,24,-0.0005942116207985673,-0.02519440124416794,0.023882797328115258,-0.2178217361039747,0.5416666666666666
COVID-19 Pandemic Crash,2020-02-19,2020-03-23,GLD,24,-0.0010890783484682244,-0.036168327802914235,0.020553588585361753,-0.25218052968888083,0.625
COVID-19 Pandemic Crash,2020-02-19,2020-03-23,GOOGL,24,-0.014073692090469325,-0.3087082945314873,0.046389597853496486,-0.3087082945314873,0.375
COVID-19 Pandemic Crash,2020-02-19,2020-03-23,IAU,24,-0.0010974919939032574,-0.03634000463902842,0.020408268720465004,-0.24162163605561127,0.5833333333333334
COVID-19 Pandemic Crash,2020-02-19,2020-03-23,IEF,24,0.0026395562180970508,0.06375922350514895,0.011935899929286535,-0.04675637865322868,0.625
COVID-19 Pandemic Crash,2020-02-19,2020-03-23,IWM,24,-0.020074552061140876,-0.4067697488660025,0.04986560104580328,-0.4113330766662304,0.3333333333333333
COVID-19 Pandemic Crash,2020-02-19,2020-03-23,META,24,-0.014730551558648738,-0.3190491204383854,0.049648743058276684,-0.34592116157903363,0.3333333333333333
COVID-19 Pandemic Crash,2020-02-19,2020-03-23,MSFT,24,-0.011286285706965596,-0.2739212250499774,0.061893015352961024,-0.2803926571363917,0.375
COVID-19 Pandemic Crash,2020-02-19,2020-03-23,NVDA,24,-0.011095603633717763,-0.3237457595335913,0.07317783671637096,-0.37554021045864006,0.4166666666666667
COVID-19 Pandemic Crash,2020-02-19,2020-03-23,QQQ,24,-0.011965373797292775,-0.27916588579535795,0.0495102055850833,-0.2855937845650388,0.4166666666666667
COVID-19 Pandemic Crash,2020-02-19,2020-03-23,SHY,24,0.0008697247838118186,0.02091425591834728,0.002045587947761463,-0.00646079819251244,0.75
COVID-19 Pandemic Crash,2020-02-19,2020-03-23,SI=F,24,-0.012187167295287876,-0.2770063134783607,0.041949557011528055,-0.7584595804147046,0.4583333333333333
COVID-19 Pandemic Crash,2020-02-19,2020-03-23,SLV,24,-0.012644292016246778,-0.2855484186496414,0.03851909903815657,-0.7628015142556759,0.4166666666666667
COVID-19 Pandemic Crash,2020-02-19,2020-03-23,SPY,24,-0.015701704871897842,-0.33717259886422934,0.04741957187410804,-0.33717259886422934,0.2916666666666667
COVID-19 Pandemic Crash,2020-02-19,2020-03-23,TLT,24,0.006163337969128176,0.142342493992204,0.03554706188843025,-0.15727742309101922,0.625
COVID-19 Pandemic Crash,2020-02-19,2020-03-23,TSLA,24,-0.0245414279224437,-0.5266180987353892,0.08394264087805713,-0.606265385382069,0.3333333333333333
COVID-19 Pandemic Crash,2020-02-19,2020-03-23,USO,24,-0.029547621045329917,-0.5635062628592487,0.08323531639634975,-0.9599080702795282,0.25
COVID-19 Pandemic Crash,2020-02-19,2020-03-23,UUP,24,0.001775741915869165,0.03939052018954481,0.013513100723381265,-0.046313499933520186,0.5
COVID-19 Pandemic Crash,2020-02-19,2020-03-23,XLB,24,-0.017288261154826807,-0.362091094137289,0.04871356394699597,-0.3727415984990281,0.3333333333333333
COVID-19 Pandemic Crash,2020-02-19,2020-03-23,XLE,24,-0.03068037813061292,-0.5606668643742331,0.06960526508672686,-0.7126277917957133,0.3333333333333333
COVID-19 Pandemic Crash,2020-02-19,2020-03-23,XLF,24,-0.020926802587376152,-0.42789107998219644,0.06045186259511595,-0.4286252057469623,0.2916666666666667
COVID-19 Pandemic Crash,2020-02-19,2020-03-23,XLI,24,-0.02096885392131997,-0.4158011313596911,0.04935254163128884,-0.4233410543189432,0.25
COVID-19 Pandemic Crash,2020-02-19,2020-03-23,XLK,24,-0.013405448476462292,-0.31153226655169697,0.05645296997103319,-0.31153226655169697,0.375
COVID-19 Pandemic Crash,2020-02-19,2020-03-23,XLP,24,-0.010550092104498601,-0.24161090583113765,0.044670240644469277,-0.245122397639582,0.2916666666666667
COVID-19 Pandemic Crash,2020-02-19,2020-03-23,XLRE,24,-0.018725580433863933,-0.3781631858118242,0.054175239173243864,-0.38824761015325415,0.2916666666666667
COVID-19 Pandemic Crash,2020-02-19,2020-03-23,XLU,24,-0.017088886548714488,-0.3536561074648332,0.05367379263357589,-0.36066763330502183,0.25
COVID-19 Pandemic Crash,2020-02-19,2020-03-23,XLV,24,-0.012498493010473797,-0.2792950627553141,0.042392760333697425,-0.28404325999611024,0.2916666666666667
COVID-19 Pandemic Crash,2020-02-19,2020-03-23,XLY,24,-0.015608377237707341,-0.3350365946342554,0.046445085366283424,-0.339102315670033,0.375
2022 Rate Hike / Inflation Shock,2022-01-03,2022-10-12,AAPL,196,-0.0010233065368819238,-0.23678646698994188,0.021407141931699483,-0.28346224362159667,0.4744897959183674
2022 Rate Hike / Inflation Shock,2022-01-03,2022-10-12,AMZN,196,-0.0014904301086515347,-0.3374587837758579,0.03151636688770026,-0.4516282050569047,0.47959183673469385
2022 Rate Hike / Inflation Shock,2022-01-03,2022-10-12,BTC-USD,283,-0.0025908367307869206,-0.5876405142467871,0.03458063393023531,-0.7254954701098011,0.46996466431095407
2022 Rate Hike / Inflation Shock,2022-01-03,2022-10-12,DBC,196,0.0011663313478555812,0.2142857292974063,0.017603516281451632,-0.5304044198197096,0.5969387755102041
2022 Rate Hike / Inflation Shock,2022-01-03,2022-10-12,DIA,196,-0.0009602018126860546,-0.18934161800457616,0.012439228969897336,-0.2075722722588803,0.45918367346938777
2022 Rate Hike / Inflation Shock,2022-01-03,2022-10-12,ETH-USD,283,-0.0027668174792122887,-0.6557363934736081,0.04589814186950785,-0.7935123166505245,0.46996466431095407
2022 Rate Hike / Inflation Shock,2022-01-03,2022-10-12,GC=F,196,-0.0004135461587783741,-0.07174612306008843,0.009530683290233799,-0.2087252991332561,0.5204081632653061
2022 Rate Hike / Inflation Shock,2022-01-03,2022-10-12,GLD,196,-0.0004239027843741726,-0.07330835979123751,0.00934860509998611,-0.22002168134715538,0.5
2022 Rate Hike / Inflation Shock,2022-01-03,2022-10-12,GOOGL,196,-0.0017408373747726507,-0.3271329421660306,0.023476685709073734,-0.36164610448716084,0.45408163265306123
2022 Rate Hike / Inflation Shock,2022-01-03,2022-10-12,IAU,196,-0.0004158554749873223,-0.07151193740867579,0.009383697733244057,-0.21816334027372153,0.49489795918367346
2022 Rate Hike / Inflation Shock,2022-01-03,2022-10-12,IEF,196,-0.0008791031935337085,-0.15384569006301718,0.006418089832774469,-0.21444367357867822,0.4489795918367347
2022 Rate Hike / Inflation Shock,2022-01-03,2022-10-12,IWM,196,-0.0012466165517048522,-0.25040107361738495,0.017773012158663178,-0.3191165355571206,0.4642857142857143
2022 Rate Hike / Inflation Shock,2022-01-03,2022-10-12,META,196,-0.00417522343916059,-0.6233828558875412,0.038286402538851294,-0.6663875892369748,0.45918367346938777
2022 Rate Hike / Inflation Shock,2022-01-03,2022-10-12,MSFT,196,-0.0017738222486793252,-0.3212100799927625,0.02123473351321271,-0.338746251539094,0.45408163265306123
2022 Rate Hike / Inflation Shock,2022-01-03,2022-10-12,NVDA,196,-0.00398351890352751,-0.6179472565070584,0.03987676935240587,-0.6551647833088607,0.4744897959183674
2022 Rate Hike / Inflation Shock,2022-01-03,2022-10-12,QQQ,196,-0.00188468749428491,-0.34285062320619053,0.020324084912653598,-0.3457823152709666,0.44387755102040816
2022 Rate Hike / Inflation Shock,2022-01-03,2022-10-12,SHY,196,-0.00023450520039174452,-0.04401550543674637,0.0014846928759238759,-0.054709022952983855,0.3877551020408163
2022 Rate Hike / Inflation Shock,2022-01-03,2022-10-12,SI=F,196,-0.0008886400404233937,-0.17165425620771246,0.019640768756943993,-0.6387493675410278,0.49489795918367346
2022 Rate Hike / Inflation Shock,2022-01-03,2022-10-12,SLV,196,-0.0008642722018275641,-0.1694995326185429,0.0180974826001884,-0.6534066918639027,0.46938775510204084
2022 Rate Hike / Inflation Shock,2022-01-03,2022-10-12,SPY,196,-0.0012875053580888862,-0.2449638768701179,0.015223818317269922,-0.2449638768701179,0.4336734693877551
2022 Rate Hike / Inflation Shock,2022-01-03,2022-10-12,TLT,196,-0.0018284054931483522,-0.29334759598783733,0.01243115239551826,-0.3989145521734754,0.4642857142857143
2022 Rate Hike / Inflation Shock,2022-01-03,2022-10-12,TSLA,196,-0.0016081149245787442,-0.4568003991210241,0.041353706044147155,-0.48926342817724444,0.5
2022 Rate Hike / Inflation Shock,2022-01-03,2022-10-12,USO,196,0.0017598033767419713,0.2936348337855126,0.028250202330752115,-0.9416602823200606,0.5816326530612245
2022 Rate Hike / Inflation Shock,2022-01-03,2022-10-12,UUP,196,0.0008935725889156924,0.18069024088943775,0.005304816172238861,-0.09469569069911687,0.5714285714285714
2022 Rate Hike / Inflation Shock,2022-01-03,2022-10-12,XLB,196,-0.001218731144620433,-0.22088479027562913,0.015576556922081455,-0.2471635825559676,0.44387755102040816
2022 Rate Hike / Inflation Shock,2022-01-03,2022-10-12,XLE,196,0.002302533966890472,0.4450409828797419,0.023079744408891385,-0.26043737413797385,0.5510204081632653
2022 Rate Hike / Inflation Shock,2022-01-03,2022-10-12,XLF,196,-0.001101342484569669,-0.22257956839879478,0.015539554109277407,-0.2580534160015925,0.42346938775510207
2022 Rate Hike / Inflation Shock,2022-01-03,2022-10-12,XLI,196,-0.0009725132140256591,-0.18206290147387816,0.013768602225454637,-0.2164399932298332,0.45918367346938777
2022 Rate Hike / Inflation Shock,2022-01-03,2022-10-12,XLK,196,-0.0017991699448843739,-0.3313133507927708,0.02021861660681025,-0.3355907399546826,0.4489795918367347
2022 Rate Hike / Inflation Shock,2022-01-03,2022-10-12,XLP,196,-0.0005090729349435324,-0.10619291577527834,0.011316493841567006,-0.1630236911333185,0.5153061224489796
2022 Rate Hike / Inflation Shock,2022-01-03,2022-10-12,XLRE,196,-0.0019134702292673289,-0.3223507561491533,0.015319421677673029,-0.32862893330004406,0.4387755102040816
2022 Rate Hike / Inflation Shock,2022-01-03,2022-10-12,XLU,196,-0.0005759300857237795,-0.11317219940472123,0.01323481571812057,-0.20715989627895037,0.5102040816326531
2022 Rate Hike / Inflation Shock,2022-01-03,2022-10-12,XLV,196,-0.0006055165145509221,-0.11584944725058433,0.012286166510505904,-0.1606106091995887,0.47959183673469385
2022 Rate Hike / Inflation Shock,2022-01-03,2022-10-12,XLY,196,-0.001690551716754387,-0.33513552022113424,0.022160857792792678,-0.36127716028851464,0.46938775510204084
